MAIN GROUP,SUB GROUP,DEPARTMENT,DEPT SHORT CODE,DESIGNATION,SHORT_CODE,JOB_CODE
RETAIL BANKING GROUP,C-SERV BRANCH BANKING,Branch Banking Dept,CSBB/EXTN,RELATIONSHIP MANAGER,RELATIONSH,JC0231
RETAIL BANKING GROUP,C-SERV BRANCH BANKING,Branch Banking Dept,CSBB/EXTN,ASSISTANT BRANCH MANAGER,ASST BM,JC0997
RETAIL BANKING GROUP,C-SERV BRANCH BANKING,Branch Banking Dept,CSBB/EXTN,BRANCH BUSINESS MANAGER,BRANCH BUS,JC0604
RETAIL BANKING GROUP,C-SERV BRANCH BANKING,Branch Banking Dept,CSBB/EXTN,BRANCH BUSINESS OFFICER,BRANCH BUS,JC0670
RETAIL BANKING GROUP,C-SERV BRANCH BANKING,Branch Banking Dept,CSBB/EXTN,DBM - DESIGNATE,DBM - DESI,JC0752
RETAIL BANKING GROUP,C-SERV BRANCH BANKING,Branch Banking Dept,CSBB/EXTN,DEPUTY BRANCH MANAGER,DEPUTY BRA,JC0099
RETAIL BANKING GROUP,C-SERV BRANCH BANKING,CSBB WEALTH MANAGEMENT,WEALTH MGT,DEPUTY BRANCH MANAGER,DEPUTY BRA,JC0099
RETAIL BANKING GROUP,C-SERV BRANCH BANKING,Branch Banking Dept,CSBB/EXTN,GOLD LOAN EXPERT,GLE,JC1023
RETAIL BANKING GROUP,C-SERV BRANCH BANKING,Branch Banking Dept,CSBB/EXTN,HOME LOAN EXPERT,HL EXPERT,JC0946
RETAIL BANKING GROUP,C-SERV BRANCH BANKING,Branch Banking Dept,CSBB/EXTN,BRANCH MANAGER,BRANCH MAN,JC0037
RETAIL BANKING GROUP,C-SERV BRANCH BANKING,Branch Banking Dept,CSBB/EXTN,SENIOR BRANCH MANAGER,SENIOR BM,JC0925
RETAIL BANKING GROUP,C-SERV BRANCH BANKING,CSBB WEALTH MANAGEMENT,WEALTH MGT,BRANCH MANAGER,BRANCH MAN,JC0037
RETAIL BANKING GROUP,C-SERV BRANCH BANKING,Branch Banking Dept,CSBB/EXTN,TRADE DESK MANAGER,TR_DES_MGR,JC0721
RETAIL BANKING GROUP,C-SERV BRANCH BANKING,Branch Banking Dept,CSBB/EXTN,TRADE DESK OFFICER,TRADE DESK,JC0285
RETAIL BANKING GROUP,C-SERV BRANCH BANKING,Branch Banking Dept,CSBB/EXTN,TRADE SERVICE MANAGER,TRADE SERV,JC0793
RETAIL BANKING GROUP,C-SERV BRANCH BANKING,Branch Banking Dept,CSBB/EXTN,CSM - BUSINESS BANKING,CSM - BUSI,JC0764
RETAIL BANKING GROUP,C-SERV BRANCH BANKING,Branch Banking Dept,CSBB/EXTN,CSO - BUSINESS BANKING,CSO - BUSI,JC0761
RETAIL BANKING GROUP,C-SERV BRANCH BANKING,Branch Banking Dept,CSBB/EXTN,CSO - TELLER,CSO - TELL,JC0763
RETAIL BANKING GROUP,C-SERV BRANCH BANKING,Branch Banking Dept,CSBB/EXTN,CUSTOMER SERVICE MANAGER,CUSTOMER S,JC0095
RETAIL BANKING GROUP,C-SERV BRANCH BANKING,Branch Banking Dept,CSBB/EXTN,CUSTOMER SERVICE OFFICER,CUSTOMER S,JC0096
RETAIL BANKING GROUP,C-SERV BRANCH BANKING,C-SERV BRANCH BANKING,CSBB,CUSTOMER SERVICE MANAGER,CUSTOMER S,JC0095
RETAIL BANKING GROUP,C-SERV BRANCH BANKING,CSBB WEALTH MANAGEMENT,WEALTH MGT,CUSTOMER SERVICE MANAGER,CUSTOMER S,JC0095
RETAIL BANKING GROUP,C-SERV BRANCH BANKING,Branch Banking Dept,CSBB/EXTN,BRANCH MANAGER - WEALTH BRANCH,BRANCH MAN,JC0545
RETAIL BANKING GROUP,C-SERV BRANCH BANKING,Branch Banking Dept,CSBB/EXTN,PRODUCT SPECIALIST,PRDT-SPLST,JC1094
RETAIL BANKING GROUP,C-SERV BRANCH BANKING,CSBB WEALTH MANAGEMENT,WEALTH MGT,BRANCH MANAGER - WEALTH BRANCH,BRANCH MAN,JC0545
RETAIL BANKING GROUP,C-SERV BRANCH BANKING,Branch Banking Dept,CSBB/EXTN,CLUSTER BR MGR - WEALTH BRANCH,CLUSTER BR,JC0546
RETAIL BANKING GROUP,C-SERV BRANCH BANKING,CSBB WEALTH MANAGEMENT,WEALTH MGT,CLUSTER BR MGR - WEALTH BRANCH,CLUSTER BR,JC0546
RETAIL BANKING GROUP,C-SERV BRANCH BANKING,CSBB WEALTH MANAGEMENT,WEALTH MGT,CLUSTER BRANCH MANAGER,CLUSTER BR,JC0064
RETAIL BANKING GROUP,C-SERV BRANCH BANKING,Branch Banking Dept,CSBB/EXTN,CLIENT SERVICE MANAGER -WEALTH,CLIENT SER,JC0672
RETAIL BANKING GROUP,C-SERV BRANCH BANKING,CSBB WEALTH MANAGEMENT,WEALTH MGT,CLIENT SERVICE MANAGER -WEALTH,CLIENT SER,JC0672
RETAIL BANKING GROUP,C-SERV BRANCH BANKING,Branch Banking Dept,CSBB/EXTN,DEPUTY BR MGR - WEALTH BRANCH,DEPUTY BRA,JC0547
RETAIL BANKING GROUP,C-SERV BRANCH BANKING,CSBB WEALTH MANAGEMENT,WEALTH MGT,DEPUTY BR MGR - WEALTH BRANCH,DEPUTY BRA,JC0547
RETAIL BANKING GROUP,SALES,CARDS SALES DEPT,CARDS_DEPT,REGIONAL HEAD,REGIONAL H,JC0220
RETAIL BANKING GROUP,SALES,CARDS SALES DEPT,CARDS_DEPT,REGIONAL HEAD-SALES,REGIONAL H,JC0393
RETAIL BANKING GROUP,CARDS,CARDS,CARDS,RELATIONSHIP MANAGER,RELATIONSH,JC0231
RETAIL BANKING GROUP,SALES,CARDS SALES DEPT,CARDS_DEPT,RELATIONSHIP MANAGER,RELATIONSH,JC0231
RETAIL BANKING GROUP,C-SERV BRANCH BANKING,Branch Banking Dept,CSBB/EXTN,BRANCH SALES MGR - CASA,BRANCH SAL,JC0509
RETAIL BANKING GROUP,C-SERV BRANCH BANKING,Branch Banking Dept,CSBB/EXTN,REGIONAL HEAD SALES - CA,REGIONAL H,JC0766
RETAIL BANKING GROUP,C-SERV BRANCH BANKING,Branch Banking Dept,CSBB/EXTN,REGIONAL HEAD SALES - CASA,REGIONAL H,JC0771
RETAIL BANKING GROUP,C-SERV BRANCH BANKING,Branch Banking Dept,CSBB/EXTN,REGIONAL HEAD SALES - SA,REGIONAL H,JC0770
RETAIL BANKING GROUP,C-SERV BRANCH BANKING,Branch Banking Dept,CSBB/EXTN,REGIONAL HEAD-SALES,REGIONAL H,JC0393
RETAIL BANKING GROUP,C-SERV BRANCH BANKING,Branch Banking Dept,CSBB/EXTN,REGIONAL SERVICE MANAGER,RSM,JC0739
RETAIL BANKING GROUP,C-SERV BRANCH BANKING,CSBB WEALTH MANAGEMENT,WEALTH MGT,REGIONAL SERVICE MANAGER,RSM,JC0739
RETAIL BANKING GROUP,C-SERV BRANCH BANKING,Branch Banking Dept,CSBB/EXTN,SALES MANAGER - CA,SALES MANA,JC0507
RETAIL BANKING GROUP,SALES,RBG EDUCATION LOAN,EDU LOAN,REGIONAL HEAD SALES - EL,RHS - EL,JC0948
RETAIL BANKING GROUP,SALES,RBG EDUCATION LOAN,EDU LOAN,REGIONAL HEAD-SALES,REGIONAL H,JC0393
RETAIL BANKING GROUP,SALES,RBG EDUCATION LOAN,EDU LOAN,DEPUTY MANAGER,DEPUTY MGR,JC0788
RETAIL BANKING GROUP,SALES,RBG EDUCATION LOAN,EDU LOAN,RELATIONSHIP MANAGER,RELATIONSH,JC0231
RETAIL BANKING GROUP,Liability Risk Monitoring Grp,Liability Risk Monitoring Dpt,LRM DEP,RISK ANALYST,RISK ANALY,JC0236
RETAIL BANKING GROUP,LAS,LOANS AGAINST SHARES,LAS,REGIONAL HEAD-SALES,REGIONAL H,JC0393
RETAIL BANKING GROUP,LAS,LOANS AGAINST SHARES,LAS,RELATIONSHIP MANAGER,RELATIONSH,JC0231
RETAIL BANKING GROUP,LAS,LOANS AGAINST SHARES,LAS,SALES MANAGER,SALES MNGR,JC0243
RETAIL BANKING GROUP,SALES,LOAN AGAINST SECURITIES DEPT,LASE_DEPT,REGIONAL HEAD,REGIONAL H,JC0220
RETAIL BANKING GROUP,SALES,LOAN AGAINST SECURITIES DEPT,LASE_DEPT,REGIONAL HEAD-SALES,REGIONAL H,JC0393
RETAIL BANKING GROUP,SALES,LOAN AGAINST SECURITIES DEPT,LASE_DEPT,RELATIONSHIP MANAGER,RELATIONSH,JC0231
RETAIL BANKING GROUP,SALES,LOAN AGAINST SECURITIES DEPT,LASE_DEPT,SALES MANAGER,SALES MNGR,JC0243
RETAIL BANKING GROUP,SALES,LOAN AGAINST SECURITIES DEPT,LASE_DEPT,SALES OFFICER - ASSETS,SALES OFFI,JC0553
RETAIL BANKING GROUP,C-SERV BRANCH BANKING,Branch Banking Dept,#N/A,REGIONAL HEAD SALES - NRI,RHS-NRI,JC1028
RETAIL BANKING GROUP,C-SERV BRANCH BANKING,Branch Banking Dept,#N/A,ASSISTANT MANAGER,ASSISTANT,JC0325
RETAIL BANKING GROUP,C-SERV BRANCH BANKING,Branch Banking Dept,#N/A,CHIEF MANAGER,CHIEF MANA,JC0340
RETAIL BANKING GROUP,C-SERV BRANCH BANKING,Branch Banking Dept,#N/A,CLERK,CLERK,JC0425
RSPPG,CREDIT AND POLICY GROUP,AGRI CREDIT,AGRI_DEPT,CREDIT ANALYST,CREDIT ANA,JC0085
RSPPG,CREDIT AND POLICY GROUP,AGRI CREDIT,AGRI_DEPT,HEAD CREDIT,HEAD CREDI,JC0608
RSPPG,CREDIT AND POLICY GROUP,AGRI CREDIT,AGRI_DEPT,HEAD CREDIT - RIBG,HEAD CREDI,JC0606
RSPPG,CREDIT AND POLICY GROUP,AGRI CREDIT,AGRI_DEPT,REGIONAL AUDIT MANAGER,REGIONAL A,JC0213
RSPPG,CREDIT AND POLICY GROUP,AGRI CREDIT,AGRI_DEPT,REGIONAL CREDIT MANAGER,REGIONAL C,JC0219
RSPPG,CREDIT AND POLICY GROUP,AGRI CREDIT,AGRI_DEPT,REGIONAL MANAGER,REGIONAL M,JC0222
RSPPG,CREDIT AND POLICY GROUP,AGRI CREDIT,AGRI_DEPT,RETAIL CREDIT HEAD,RETAIL CRE,JC0607
RSPPG,CREDIT AND POLICY GROUP,AGRI CREDIT,AGRI_DEPT,ZONAL CREDIT HEAD,ZONAL CRED,JC0421
RSPPG,CREDIT AND POLICY GROUP,AGRI CREDIT,AGRI_DEPT,ZONAL CREDIT MANAGER,ZONAL CRED,JC0308
RSPPG,CREDIT AND POLICY GROUP,AGRI CREDIT,AGRI_DEPT,ZONAL MANAGER,ZONAL MANA,JC0313
RSPPG,CREDIT AND POLICY GROUP,AGRI CREDIT - EC,AGRI_EC,REGIONAL CREDIT MANAGER,REGIONAL C,JC0219
RSPPG,CREDIT AND POLICY GROUP,AGRI CREDIT - EC,AGRI_EC,ZONAL CREDIT HEAD,ZONAL CRED,JC0421
RSPPG,CREDIT AND POLICY GROUP,AGRI CREDIT - EC,AGRI_EC,ZONAL CREDIT MANAGER,ZONAL CRED,JC0308
RSPPG,CREDIT AND POLICY GROUP,AUTO LOAN CREDIT,ALC_DEPT,NATIONAL CREDIT HEAD,NATIONAL C,JC0167
RSPPG,CREDIT AND POLICY GROUP,AUTO LOAN CREDIT,ALC_DEPT,REGIONAL CREDIT MANAGER,REGIONAL C,JC0219
RSPPG,CREDIT AND POLICY GROUP,AUTO LOAN CREDIT,ALC_DEPT,RETAIL CREDIT HEAD,RETAIL CRE,JC0607
RSPPG,CREDIT AND POLICY GROUP,AUTO LOAN CREDIT,ALC_DEPT,ZONAL CREDIT HEAD,ZONAL CRED,JC0421
RSPPG,CREDIT AND POLICY GROUP,AUTO LOAN CREDIT,ALC_DEPT,ZONAL CREDIT MANAGER,ZONAL CRED,JC0308
RSPPG,CREDIT AND POLICY GROUP,BUSINESS LOAN UNDERWRITING,BLU_DEPT,NATIONAL CREDIT MANAGER,NATIONAL C,JC0168
RSPPG,CREDIT AND POLICY GROUP,BUSINESS LOAN UNDERWRITING,BLU_DEPT,REGIONAL CREDIT MANAGER,REGIONAL C,JC0219
RSPPG,CREDIT AND POLICY GROUP,BUSINESS LOAN UNDERWRITING,BLU_DEPT,RELATIONSHIP MANAGER,RELATIONSH,JC0231
RSPPG,CREDIT AND POLICY GROUP,BUSINESS LOAN UNDERWRITING,BLU_DEPT,RETAIL CREDIT HEAD,RETAIL CRE,JC0607
RSPPG,CREDIT AND POLICY GROUP,BUSINESS LOAN UNDERWRITING,BLU_DEPT,ZONAL CREDIT HEAD,ZONAL CRED,JC0421
RSPPG,CREDIT AND POLICY GROUP,BUSINESS LOAN UNDERWRITING,BLU_DEPT,ZONAL CREDIT MANAGER,ZONAL CRED,JC0308
RSPPG,CREDIT AND POLICY GROUP,CARDS AUTHORISATION,CA_DEPT,CARDS AUTHORISATION MANAGER,CA_MGR,JC0705
RSPPG,CREDIT AND POLICY GROUP,CARDS AUTHORISATION,CA_DEPT,CARDS AUTHORISATION OFFICER,CA_OFF,JC0706
RSPPG,CREDIT AND POLICY GROUP,CARDS AUTHORISATION,CA_DEPT,DEPUTY MANAGER,DEPUTY MGR,JC0788
RSPPG,CREDIT AND POLICY GROUP,CARDS AUTHORISATION,CA_DEPT,NATIONAL CREDIT HEAD,NATIONAL C,JC0167
RSPPG,CREDIT AND POLICY GROUP,CARDS AUTHORISATION,CA_DEPT,TEAM MANAGER,TEAM MANAG,JC0275
RSPPG,CREDIT AND POLICY GROUP,CARDS CREDIT,CARDC_DEPT,CREDIT HEAD,CREDIT HEA,JC0087
RSPPG,CREDIT AND POLICY GROUP,CARDS CREDIT,CARDC_DEPT,NATIONAL CREDIT HEAD,NATIONAL C,JC0167
RSPPG,CREDIT AND POLICY GROUP,CARDS CREDIT,CARDC_DEPT,PROCESS MANAGER,PROCESS MA,JC0193
RSPPG,CREDIT AND POLICY GROUP,CARDS CREDIT,CARDC_DEPT,REGIONAL CREDIT MANAGER,REGIONAL C,JC0219
RSPPG,CREDIT AND POLICY GROUP,CARDS CREDIT,CARDC_DEPT,ZONAL CREDIT HEAD,ZONAL CRED,JC0421
RSPPG,CREDIT AND POLICY GROUP,CARDS CREDIT,CARDC_DEPT,ZONAL CREDIT MANAGER,ZONAL CRED,JC0308
RSPPG,CREDIT AND POLICY GROUP,CCMG DEPT,CCMG_DEPT,COMMODITY MANAGER,COMMODITY,JC0072
RSPPG,CREDIT AND POLICY GROUP,CCMG DEPT,CCMG_DEPT,NATIONAL MANAGER,NATIONAL M,JC0171
RSPPG,CREDIT AND POLICY GROUP,CCMG DEPT,CCMG_DEPT,REGIONAL MANAGER,REGIONAL M,JC0222
RSPPG,CREDIT AND POLICY GROUP,CCMG DEPT,CCMG_DEPT,ZONAL MANAGER,ZONAL MANA,JC0313
RSPPG,CREDIT AND POLICY GROUP,COMMERCIAL BUSINESS & IF,COMB_DEPT,MIS MANAGER,MIS MANAGE,JC0160
RSPPG,CREDIT AND POLICY GROUP,COMMERCIAL BUSINESS & IF,COMB_DEPT,NATIONAL CREDIT HEAD,NATIONAL C,JC0167
RSPPG,CREDIT AND POLICY GROUP,COMMERCIAL BUSINESS & IF,COMB_DEPT,NATIONAL CREDIT MANAGER,NATIONAL C,JC0168
RSPPG,CREDIT AND POLICY GROUP,COMMERCIAL BUSINESS & IF,COMB_DEPT,PROCESS MANAGER,PROCESS MA,JC0193
RSPPG,CREDIT AND POLICY GROUP,COMMERCIAL BUSINESS & IF,COMB_DEPT,REGIONAL CREDIT MANAGER,REGIONAL C,JC0219
RSPPG,CREDIT AND POLICY GROUP,COMMERCIAL BUSINESS & IF,COMB_DEPT,ZONAL CREDIT MANAGER,ZONAL CRED,JC0308
RSPPG,CREDIT AND POLICY GROUP,CREDIT ADMIN,CREDIT_AD,CREDIT ADMIN MANAGER,CREDIT ADM,JC0083
RSPPG,CREDIT AND POLICY GROUP,CREDIT ADMIN,CREDIT_AD,ZONAL MANAGER,ZONAL MANA,JC0313
RSPPG,CREDIT AND POLICY GROUP,SHARED SERVICES,SHRD SERVC,PROCESS MANAGER,PROCESS MA,JC0193
RSPPG,CREDIT AND POLICY GROUP,SHARED SERVICES,SHRD SERVC,REGIONAL MANAGER,REGIONAL M,JC0222
RSPPG,CREDIT AND POLICY GROUP,SHARED SERVICES,SHRD SERVC,ZONAL MANAGER,ZONAL MANA,JC0313
RSPPG,CREDIT AND POLICY GROUP,CREDIT AND POLICY GROUP,CPG_SG,HEAD CREDIT,HEAD CREDI,JC0608
RSPPG,CREDIT AND POLICY GROUP,CREDIT AND POLICY GROUP,CPG_SG,POLICY HEAD,POLICY HEA,JC0188
RSPPG,CREDIT AND POLICY GROUP,CREDIT AND POLICY GROUP,CPG_SG,SENIOR SECRETARY,SENIOR SEC,JC0257
RSPPG,CREDIT AND POLICY GROUP,EDUCATION LOAN CREDIT,ED LOAN CR,CREDIT MANAGER - EL,CM - EL,JC0949
RSPPG,CREDIT AND POLICY GROUP,EDUCATION LOAN CREDIT,ED LOAN CR,REGIONAL CREDIT MANAGER - EL,RCM - EL,JC0950
RSPPG,CREDIT AND POLICY GROUP,EDUCATION LOAN CREDIT,ED LOAN CR,ZONAL CREDIT HEAD,ZONAL CRED,JC0421
RSPPG,CREDIT AND POLICY GROUP,MORTGAGE LOAN CREDIT,MLC_DEPT,CREDIT ANALYST,CREDIT ANA,JC0085
RSPPG,CREDIT AND POLICY GROUP,MORTGAGE LOAN CREDIT,MLC_DEPT,CREDIT HEAD,CREDIT HEA,JC0087
RSPPG,CREDIT AND POLICY GROUP,MORTGAGE LOAN CREDIT,MLC_DEPT,REGIONAL CREDIT MANAGER,REGIONAL C,JC0219
RSPPG,CREDIT AND POLICY GROUP,MORTGAGE LOAN CREDIT,MLC_DEPT,RETAIL CREDIT HEAD,RETAIL CRE,JC0607
RSPPG,CREDIT AND POLICY GROUP,MORTGAGE LOAN CREDIT,MLC_DEPT,ZONAL CREDIT HEAD,ZONAL CRED,JC0421
RSPPG,CREDIT AND POLICY GROUP,MORTGAGE LOAN CREDIT,MLC_DEPT,ZONAL CREDIT MANAGER,ZONAL CRED,JC0308
RSPPG,CREDIT AND POLICY GROUP,MVG,MVG,LEADERSHIP TEAM,LEAD-TEAM,JC1078
RSPPG,CREDIT AND POLICY GROUP,MVG,MVG,PRODUCT MANAGER,PRODUCT MA,JC0197
RSPPG,CREDIT AND POLICY GROUP,MVG,MVG,REGIONAL TECHNICAL MANAGER,REGIONAL T,JC0915
RSPPG,CREDIT AND POLICY GROUP,MVG,MVG,TECHNICAL MANAGER,TECHNICAL,JC0276
RSPPG,CREDIT AND POLICY GROUP,MVG,MVG,TECHNICAL OFFICER,TECHNICAL,JC0277
RSPPG,CREDIT AND POLICY GROUP,MVG,MVG,ZONAL TECHNICAL MANAGER,ZONAL TECH,JC0321
RSPPG,CREDIT AND POLICY GROUP,PERSONAL LOAN CREDIT,PLC_DEPT,HEAD CREDIT,HEAD CREDI,JC0608
RSPPG,CREDIT AND POLICY GROUP,PERSONAL LOAN CREDIT,PLC_DEPT,REGIONAL CREDIT MANAGER,REGIONAL C,JC0219
RSPPG,CREDIT AND POLICY GROUP,PERSONAL LOAN CREDIT,PLC_DEPT,RETAIL CREDIT HEAD,RETAIL CRE,JC0607
RSPPG,CREDIT AND POLICY GROUP,PERSONAL LOAN CREDIT,PLC_DEPT,ZONAL CREDIT MANAGER,ZONAL CRED,JC0308
RSPPG,CREDIT AND POLICY GROUP,PROCESS RISK & AUDIT,PRA_DEPT,COMPLIANCE MANAGER,COMPLIANCE,JC0076
RSPPG,CREDIT AND POLICY GROUP,PROCESS RISK & AUDIT,PRA_DEPT,"POLICY HEAD- BLG, RIBG-EC",PH_BLG,JC1117
RSPPG,CREDIT AND POLICY GROUP,PROCESS RISK & AUDIT,PRA_DEPT,PROCESS MANAGER,PROCESS MA,JC0193
RSPPG,CREDIT AND POLICY GROUP,PROCESS RISK & AUDIT,PRA_DEPT,REGIONAL MANAGER,REGIONAL M,JC0222
RSPPG,CREDIT AND POLICY GROUP,PROCESS RISK & AUDIT,PRA_DEPT,REGIONAL PROCESSING MANAGER,REGIONAL P,JC0224
RSPPG,CREDIT AND POLICY GROUP,PROCESS RISK & AUDIT,PRA_DEPT,ZONAL MANAGER,ZONAL MANA,JC0313
RSPPG,CREDIT AND POLICY GROUP,PROCESS RISK & AUDIT - AGRI,PRA_AGRI,PROCESS MANAGER,PROCESS MA,JC0193
RSPPG,CREDIT AND POLICY GROUP,PROCESS RISK & AUDIT - AGRI,PRA_AGRI,PRODUCT HEAD-IC & HINDSIGHTING,PH_ICGHS,JC1118
RSPPG,CREDIT AND POLICY GROUP,PROCESS RISK & AUDIT - AGRI,PRA_AGRI,REGIONAL PROCESSING MANAGER,REGIONAL P,JC0224
RSPPG,CREDIT AND POLICY GROUP,PROCESS RISK & AUDIT - AGRI,PRA_AGRI,UNIT HEAD,UNIT HEAD,JC0296
RSPPG,CREDIT AND POLICY GROUP,RETAIL POLICY,RP_DEPT,DEPUTY MANAGER,DEPUTY MGR,JC0788
RSPPG,CREDIT AND POLICY GROUP,RETAIL POLICY,RP_DEPT,POLICY HEAD,POLICY HEA,JC0188
RSPPG,CREDIT AND POLICY GROUP,RETAIL POLICY,RP_DEPT,POLICY HEAD- AUTO LOAN,PH_AT,JC1115
RSPPG,CREDIT AND POLICY GROUP,RETAIL POLICY,RP_DEPT,POLICY HEAD- CB & TWO WHEELER,PH_CB_TW,JC1113
RSPPG,CREDIT AND POLICY GROUP,RETAIL POLICY,RP_DEPT,POLICY HEAD- CREDIT CARDS,PH_CC,JC1112
RSPPG,CREDIT AND POLICY GROUP,RETAIL POLICY,RP_DEPT,POLICY HEAD- MORTGAGES,PH_MO,JC1114
RSPPG,CREDIT AND POLICY GROUP,RETAIL POLICY,RP_DEPT,POLICY HEAD- PERSONAL LOAN,PH_PL,JC1109
RSPPG,CREDIT AND POLICY GROUP,RETAIL POLICY,RP_DEPT,POLICY HEAD- RIBG RETAIL,PH_RIBG,JC1116
RSPPG,CREDIT AND POLICY GROUP,RETAIL POLICY,RP_DEPT,POLICY MANAGER,POLICY MAN,JC0189
RSPPG,CREDIT AND POLICY GROUP,RETAIL POLICY,RP_DEPT,PROCESS MANAGER,PROCESS MA,JC0193
RSPPG,CREDIT AND POLICY GROUP,RETAIL POLICY,RP_DEPT,PRODUCT MANAGER,PRODUCT MA,JC0197
RSPPG,CREDIT AND POLICY GROUP,RETAIL POLICY,RP_DEPT,SECRETERIAL MANAGER,SECRETERIA,JC0250
RSPPG,CREDIT AND POLICY GROUP,TWO WHEELER DEPT,2-WHEELR,NATIONAL CREDIT MANAGER,NATIONAL C,JC0168
RSPPG,CREDIT AND POLICY GROUP,TWO WHEELER DEPT,2-WHEELR,REGIONAL CREDIT MANAGER,REGIONAL C,JC0219
RSPPG,DEBT SERVICE MANAGEMENT GROUP,AUTO DEPT,AUTO_DEPT,AREA DEBT MANAGER,AREADEBT,JC0428
RSPPG,DEBT SERVICE MANAGEMENT GROUP,AUTO DEPT,AUTO_DEPT,GROUP PRODUCT HEAD,GROUP PROD,JC0490
RSPPG,DEBT SERVICE MANAGEMENT GROUP,AUTO DEPT,AUTO_DEPT,PRODUCT HEAD,PRODUCT HE,JC0196
RSPPG,DEBT SERVICE MANAGEMENT GROUP,AUTO DEPT,AUTO_DEPT,SENIOR PRODUCT HEAD,SENIOR PRO,JC0919
RSPPG,DEBT SERVICE MANAGEMENT GROUP,AUTO DEPT,AUTO_DEPT,ZONAL DEBT MANAGER,ZONAL DEBT,JC0683
RETAIL BANKING GROUP,C-SERV BRANCH BANKING,Branch Banking Dept,#N/A,DEPUTY MANAGER,DEPUTY MGR,JC0788
RSPPG,DEBT SERVICE MANAGEMENT GROUP,SEG DEPT,SEG_DEPT,AREA DEBT MANAGER,AREADEBT,JC0428
RSPPG,DEBT SERVICE MANAGEMENT GROUP,SEG DEPT,SEG_DEPT,PRODUCT HEAD,PRODUCT HE,JC0196
RSPPG,DEBT SERVICE MANAGEMENT GROUP,SEG DEPT,SEG_DEPT,SENIOR PRODUCT HEAD,SENIOR PRO,JC0919
RSPPG,DEBT SERVICE MANAGEMENT GROUP,SEG DEPT,SEG_DEPT,UNIT MANAGER,UNIT MANAG,JC0297
RSPPG,DEBT SERVICE MANAGEMENT GROUP,SEG DEPT,SEG_DEPT,ZONAL DEBT MANAGER,ZONAL DEBT,JC0683
RSPPG,DEBT SERVICE MANAGEMENT GROUP,DSMG CARDS DEPT,CARDS_DEP,AREA DEBT MANAGER,AREADEBT,JC0428
RSPPG,DEBT SERVICE MANAGEMENT GROUP,DSMG CARDS DEPT,CARDS_DEP,DEBT OFFICER,DEBT OFFIC,JC0629
RSPPG,DEBT SERVICE MANAGEMENT GROUP,DSMG CARDS DEPT,CARDS_DEP,GROUP PRODUCT HEAD,GROUP PROD,JC0490
RSPPG,DEBT SERVICE MANAGEMENT GROUP,DSMG CARDS DEPT,CARDS_DEP,PRODUCT HEAD,PRODUCT HE,JC0196
RSPPG,DEBT SERVICE MANAGEMENT GROUP,DSMG CARDS DEPT,CARDS_DEP,REGIONAL HEAD,REGIONAL H,JC0220
RSPPG,DEBT SERVICE MANAGEMENT GROUP,DSMG CARDS DEPT,CARDS_DEP,RELATIONSHIP MANAGER,RELATIONSH,JC0231
RSPPG,DEBT SERVICE MANAGEMENT GROUP,DSMG CARDS DEPT,CARDS_DEP,SENIOR PRODUCT HEAD,SENIOR PRO,JC0919
RSPPG,DEBT SERVICE MANAGEMENT GROUP,DSMG CARDS DEPT,CARDS_DEP,ZONAL DEBT MANAGER,ZONAL DEBT,JC0683
RSPPG,DEBT SERVICE MANAGEMENT GROUP,COMMERCIAL BUSINESS DEPT,CB_DEPT,AREA DEBT MANAGER,AREADEBT,JC0428
RSPPG,DEBT SERVICE MANAGEMENT GROUP,COMMERCIAL BUSINESS DEPT,CB_DEPT,DEBT OFFICER,DEBT OFFIC,JC0629
RSPPG,DEBT SERVICE MANAGEMENT GROUP,COMMERCIAL BUSINESS DEPT,CB_DEPT,PRODUCT HEAD,PRODUCT HE,JC0196
RSPPG,DEBT SERVICE MANAGEMENT GROUP,COMMERCIAL BUSINESS DEPT,CB_DEPT,SENIOR PRODUCT HEAD,SENIOR PRO,JC0919
RSPPG,DEBT SERVICE MANAGEMENT GROUP,COMMERCIAL BUSINESS DEPT,CB_DEPT,ZONAL DEBT MANAGER,ZONAL DEBT,JC0683
RSPPG,DEBT SERVICE MANAGEMENT GROUP,DSMG CONSUMER FINANCE,C FIN_DEP,AREA DEBT MANAGER,AREADEBT,JC0428
RSPPG,DEBT SERVICE MANAGEMENT GROUP,DEBT SERVICE MANAGEMENT GRP,DSMG_DEPT,GROUP PRODUCT HEAD,GROUP PROD,JC0490
RSPPG,DEBT SERVICE MANAGEMENT GROUP,EMCT,EMCT,AREA DEBT MANAGER,AREADEBT,JC0428
RSPPG,DEBT SERVICE MANAGEMENT GROUP,EMCT,EMCT,PRODUCT HEAD,PRODUCT HE,JC0196
RSPPG,DEBT SERVICE MANAGEMENT GROUP,EMCT,EMCT,REGIONAL MANAGER,REGIONAL M,JC0222
RSPPG,DEBT SERVICE MANAGEMENT GROUP,EMCT,EMCT,SENIOR PRODUCT HEAD,SENIOR PRO,JC0919
RSPPG,DEBT SERVICE MANAGEMENT GROUP,EMCT,EMCT,ZONAL DEBT MANAGER,ZONAL DEBT,JC0683
RSPPG,DEBT SERVICE MANAGEMENT GROUP,MORTGAGE DEPT,MORT_DEPT,AREA DEBT MANAGER,AREADEBT,JC0428
RSPPG,DEBT SERVICE MANAGEMENT GROUP,MORTGAGE DEPT,MORT_DEPT,DEBT OFFICER,DEBT OFFIC,JC0629
RSPPG,DEBT SERVICE MANAGEMENT GROUP,MORTGAGE DEPT,MORT_DEPT,GROUP PRODUCT HEAD,GROUP PROD,JC0490
RSPPG,DEBT SERVICE MANAGEMENT GROUP,MORTGAGE DEPT,MORT_DEPT,PRODUCT HEAD,PRODUCT HE,JC0196
RSPPG,DEBT SERVICE MANAGEMENT GROUP,MORTGAGE DEPT,MORT_DEPT,SENIOR PRODUCT HEAD,SENIOR PRO,JC0919
RSPPG,DEBT SERVICE MANAGEMENT GROUP,MORTGAGE DEPT,MORT_DEPT,UNIT HEAD,UNIT HEAD,JC0296
RSPPG,DEBT SERVICE MANAGEMENT GROUP,MORTGAGE DEPT,MORT_DEPT,UNIT MANAGER,UNIT MANAG,JC0297
RSPPG,DEBT SERVICE MANAGEMENT GROUP,MORTGAGE DEPT,MORT_DEPT,ZONAL DEBT MANAGER,ZONAL DEBT,JC0683
RSPPG,DEBT SERVICE MANAGEMENT GROUP,PERSONAL LOANS,PL_LOANS,AREA DEBT MANAGER,AREADEBT,JC0428
RSPPG,DEBT SERVICE MANAGEMENT GROUP,PERSONAL LOANS,PL_LOANS,DEBT OFFICER,DEBT OFFIC,JC0629
RSPPG,DEBT SERVICE MANAGEMENT GROUP,PERSONAL LOANS,PL_LOANS,PRODUCT HEAD,PRODUCT HE,JC0196
RSPPG,DEBT SERVICE MANAGEMENT GROUP,PERSONAL LOANS,PL_LOANS,SENIOR PRODUCT HEAD,SENIOR PRO,JC0919
RSPPG,DEBT SERVICE MANAGEMENT GROUP,PERSONAL LOANS,PL_LOANS,ZONAL DEBT MANAGER,ZONAL DEBT,JC0683
RSPPG,DEBT SERVICE MANAGEMENT GROUP,PROJECTS & TECHNOLOGY,P&T,PRODUCT HEAD,PRODUCT HE,JC0196
RSPPG,DEBT SERVICE MANAGEMENT GROUP,PROJECTS & TECHNOLOGY,P&T,PROJECT MANAGER,PROJECT MA,JC0205
RSPPG,DEBT SERVICE MANAGEMENT GROUP,PROJECTS & TECHNOLOGY,P&T,UNIT HEAD,UNIT HEAD,JC0296
RSPPG,DEBT SERVICE MANAGEMENT GROUP,PROJECTS & TECHNOLOGY,P&T,UNIT MANAGER,UNIT MANAG,JC0297
RSPPG,DEBT SERVICE MANAGEMENT GROUP,RURAL,RURAL_D,AREA DEBT MANAGER,AREADEBT,JC0428
RSPPG,DEBT SERVICE MANAGEMENT GROUP,RURAL,RURAL_D,GROUP PRODUCT HEAD,GROUP PROD,JC0490
RSPPG,DEBT SERVICE MANAGEMENT GROUP,RURAL,RURAL_D,PRODUCT HEAD,PRODUCT HE,JC0196
RSPPG,DEBT SERVICE MANAGEMENT GROUP,RURAL,RURAL_D,REGIONAL MANAGER,REGIONAL M,JC0222
RSPPG,DEBT SERVICE MANAGEMENT GROUP,RURAL,RURAL_D,SENIOR PRODUCT HEAD,SENIOR PRO,JC0919
RSPPG,DEBT SERVICE MANAGEMENT GROUP,RURAL,RURAL_D,ZONAL DEBT MANAGER,ZONAL DEBT,JC0683
RSPPG,DEBT SERVICE MANAGEMENT GROUP,DSMG SHARED SERVICES,SS_DEPT,PROCESS MANAGER,PROCESS MA,JC0193
RSPPG,DEBT SERVICE MANAGEMENT GROUP,DSMG SHARED SERVICES,SS_DEPT,PROCESS OFFICER,PROCESS OF,JC0194
RSPPG,DEBT SERVICE MANAGEMENT GROUP,DSMG SHARED SERVICES,SS_DEPT,PRODUCT HEAD,PRODUCT HE,JC0196
RSPPG,DEBT SERVICE MANAGEMENT GROUP,DSMG SHARED SERVICES,SS_DEPT,SENIOR PRODUCT HEAD,SENIOR PRO,JC0919
RSPPG,DEBT SERVICE MANAGEMENT GROUP,DSMG SHARED SERVICES,SS_DEPT,UNIT HEAD,UNIT HEAD,JC0296
RSPPG,DEBT SERVICE MANAGEMENT GROUP,DSMG SHARED SERVICES,SS_DEPT,UNIT MANAGER,UNIT MANAG,JC0297
RSPPG,DEBT SERVICE MANAGEMENT GROUP,DSMG SHARED SERVICES,SS_DEPT,ZONAL DEBT MANAGER,ZONAL DEBT,JC0683
RSPPG,DEBT SERVICE MANAGEMENT GROUP,DSMG TWO WHEELER,2WHEELR,AREA DEBT MANAGER,AREADEBT,JC0428
RSPPG,DEBT SERVICE MANAGEMENT GROUP,DSMG TWO WHEELER,2WHEELR,PRODUCT HEAD,PRODUCT HE,JC0196
RSPPG,DEBT SERVICE MANAGEMENT GROUP,DSMG TWO WHEELER,2WHEELR,ZONAL DEBT MANAGER,ZONAL DEBT,JC0683
RETAIL BANKING GROUP,C-SERV BRANCH BANKING,Branch Banking Dept,#N/A,MAKER,MAKER,JC0578
RETAIL BANKING GROUP,C-SERV BRANCH BANKING,Branch Banking Dept,#N/A,MIS MANAGER,MIS MANAGE,JC0160
RETAIL BANKING GROUP,C-SERV BRANCH BANKING,Branch Banking Dept,#N/A,REGIONAL HEAD,REGIONAL H,JC0220
RETAIL BANKING GROUP,C-SERV BRANCH BANKING,Branch Banking Dept,#N/A,REGIONAL HEAD - RETAIL,REGIONAL H,JC0535
RETAIL BANKING GROUP,C-SERV BRANCH BANKING,Branch Banking Dept,#N/A,RETAIL BUSINESS HEAD,RETAIL BUS,JC0560
RETAIL BANKING GROUP,C-SERV BRANCH BANKING,CSBB WEALTH MANAGEMENT,WEALTH MGT,HEAD - BUSINESS BKG SPECIALIST,HEAD- BBS,JC1021
RSPPG,SELF EMPLOYED SEGMENT,ETRG-PRODUCT DEPT,ETRG-PRODU,RELATIONSHIP MANAGER,RELATIONSH,JC0231
RETAIL BANKING GROUP,SALES,PAYMENT SOLUTIONS DEPT,PAYSO_DEPT,NATIONAL SALES HEAD,NATIONAL S,JC0174
RETAIL BANKING GROUP,SALES,PAYMENT SOLUTIONS DEPT,PAYSO_DEPT,REGIONAL HEAD,REGIONAL H,JC0220
RETAIL BANKING GROUP,C-SERV BRANCH BANKING,Branch Banking Dept,#N/A,DEMAT DESK OFFICER,DEMAT DESK,JC0551
RETAIL BANKING GROUP,C-SERV BRANCH BANKING,Branch Banking Dept,#N/A,DEPUTY MANAGER,DEPUTY MGR,JC0788
RETAIL BANKING GROUP,C-SERV BRANCH BANKING,Branch Banking Dept,#N/A,MAKER,MAKER,JC0578
RETAIL BANKING GROUP,C-SERV BRANCH BANKING,Branch Banking Dept,#N/A,MARKETING MANAGER,MARKETING,JC0158
RETAIL BANKING GROUP,C-SERV BRANCH BANKING,Branch Banking Dept,#N/A,MIS MANAGER,MIS MANAGE,JC0160
RETAIL BANKING GROUP,C-SERV BRANCH BANKING,Branch Banking Dept,#N/A,PROBATIONARY OFFICER,PROBATIONA,JC0426
RETAIL BANKING GROUP,C-SERV BRANCH BANKING,Branch Banking Dept,#N/A,RMAM,RMAM,JC1001
RETAIL BANKING GROUP,C-SERV BRANCH BANKING,Branch Banking Dept,#N/A,ZMAM,ZMAM,JC1000
RETAIL BANKING GROUP,Liability Risk Monitoring Grp,Liability Risk Monitoring Dpt,LRM DEP,GENERAL MANAGER,GENERAL MA,JC0356
RETAIL BANKING GROUP,Liability Risk Monitoring Grp,Liability Risk Monitoring Dpt,LRM DEP,ZONAL RISK HEAD,ZONAL RISK,JC0628
RETAIL BANKING GROUP,SALES,PAYMENT SOLUTIONS DEPT,PAYSO_DEPT,RELATIONSHIP MANAGER,RELATIONSH,JC0231
RETAIL BANKING GROUP,RLG-SALES,PRIVATE BANKING GROUP,RLGSA-PBG,BUSINESS BANKING SPECIALIST,BUSINESS B,JC0674
RSPPG,ASSET PRODUCT,MORTGAGE PRODUCT DEPT,MP_DEPT,RELATIONSHIP MANAGER,RELATIONSH,JC0231
RETAIL BANKING GROUP,RLG-SALES,PRIVATE BANKING GROUP,RLGSA-PBG,CUSTOMER SERVICE MANAGER,CUSTOMER S,JC0095
RETAIL BANKING GROUP,RLG-SALES,PRIVATE BANKING GROUP,RLGSA-PBG,DEPUTY MANAGER,DEPUTY MGR,JC0788
RETAIL BANKING GROUP,RLG-SALES,PRIVATE BANKING GROUP,RLGSA-PBG,HEAD - BANKING SPECIALIST,HEAD-BS,JC1127
RETAIL BANKING GROUP,RLG-SALES,PRIVATE BANKING GROUP,RLGSA-PBG,HEAD- PRODUCT SPECIALIST,HEAD-PS,JC1104
RETAIL BANKING GROUP,RLG-SALES,PRIVATE BANKING GROUP,RLGSA-PBG,INVESTMENT SPECIALIST,INVESTMENT,JC0673
RETAIL BANKING GROUP,RLG-SALES,PRIVATE BANKING GROUP,RLGSA-PBG,PRODUCT SPECIALIST,PRDT-SPLST,JC1094
RETAIL BANKING GROUP,RLG-SALES,PRIVATE BANKING GROUP,RLGSA-PBG,REGIONAL HEAD,REGIONAL H,JC0220
RETAIL BANKING GROUP,RLG-SALES,PRIVATE BANKING GROUP,RLGSA-PBG,RELATIONSHIP MANAGER,RELATIONSH,JC0231
RETAIL BANKING GROUP,C-SERV BRANCH BANKING,Branch Banking Dept,#N/A,INVESTMENT MANAGER-PB,INVESTMENT,JC0907
RETAIL BANKING GROUP,C-SERV BRANCH BANKING,Branch Banking Dept,#N/A,PRIVILEGE BANKER,PRIVILEGE,JC0540
RETAIL BANKING GROUP,C-SERV BRANCH BANKING,Branch Banking Dept,#N/A,PRIVILEGE BANKER - NRI,PB-NRI,JC0583
RETAIL BANKING GROUP,C-SERV BRANCH BANKING,Branch Banking Dept,#N/A,PB(CA)-RM,PB(CA)-RM,JC0934
RETAIL BANKING GROUP,C-SERV BRANCH BANKING,Branch Banking Dept,#N/A,PRIVILEGE BANKER - CA,PRIVILEGE,JC0916
RETAIL BANKING GROUP,C-SERV BRANCH BANKING,Branch Banking Dept,#N/A,PB-RM,PB-RM,JC0933
RETAIL BANKING GROUP,C-SERV BRANCH BANKING,Branch Banking Dept,#N/A,PB-SRM,PB-SRM,JC0935
RETAIL BANKING GROUP,C-SERV BRANCH BANKING,Branch Banking Dept,#N/A,SENIOR PB,SENIOR PB,JC0702
RETAIL BANKING GROUP,C-SERV BRANCH BANKING,Branch Banking Dept,#N/A,BRANCH RELATIONSHIP OFFICER,BRANCH REL,JC0926
RETAIL BANKING GROUP,C-SERV BRANCH BANKING,Branch Banking Dept,#N/A,BRANCH RELATIONSHIP OFFICER-C,BRO_C,JC1024
RETAIL BANKING GROUP,C-SERV BRANCH BANKING,Branch Banking Dept,#N/A,BRANCH RELATIONSHIP OFFICER-F,BRO_F,JC1025
RETAIL BANKING GROUP,C-SERV BRANCH BANKING,Branch Banking Dept,#N/A,BRO - CA,BRO_CA,JC1063
RETAIL BANKING GROUP,C-SERV BRANCH BANKING,Branch Banking Dept,#N/A,BRO - CASA,BRO_CASA,JC1062
RETAIL BANKING GROUP,C-SERV BRANCH BANKING,Branch Banking Dept,#N/A,BRO - FARMER FINANCE,BRO_FF,JC1064
RETAIL BANKING GROUP,C-SERV BRANCH BANKING,Branch Banking Dept,#N/A,BRO - NRI,BRO_NRI,JC1061
RETAIL BANKING GROUP,C-SERV BRANCH BANKING,Branch Banking Dept,#N/A,BRO - SALARY,BRO_SAL,JC1060
RETAIL BANKING GROUP,SALES,SALARY DEPT,SAL_DEPT,BRO - SALARY,BRO_SAL,JC1060
RETAIL BANKING GROUP,C-SERV BRANCH BANKING,Branch Banking Dept,#N/A,KEY RELATIONSHIP OFFICER,KRO,JC0810
RSPPG,PAYMENT SOLUTIONS,PAYMENT SOLUTIONS,PAYSOL_SG,REGIONAL HEAD,REGIONAL H,JC0220
RETAIL BANKING GROUP,C-SERV BRANCH BANKING,Branch Banking Dept,#N/A,MANAGER SOLUTIONS,MS,JC0808
RETAIL BANKING GROUP,C-SERV BRANCH BANKING,Branch Banking Dept,#N/A,BRANCH RELATIONSHIP MANAGER,BRM,JC1005
RETAIL BANKING GROUP,C-SERV BRANCH BANKING,Branch Banking Dept,#N/A,REGIONAL ASSET MANAGER,REGIONAL A,JC0927
RETAIL BANKING GROUP,C-SERV BRANCH BANKING,Branch Banking Dept,#N/A,REGIONAL HEAD - PSL,REGIONAL H,JC0904
RETAIL BANKING GROUP,C-SERV BRANCH BANKING,Branch Banking Dept,#N/A,REGIONAL HEAD SALES - FE,REGIONAL H,JC0638
RETAIL BANKING GROUP,C-SERV BRANCH BANKING,Branch Banking Dept,#N/A,REGIONAL HEAD SALES - FF,REGIONAL H,JC0659
RETAIL BANKING GROUP,C-SERV BRANCH BANKING,Branch Banking Dept,#N/A,REGIONAL HEAD SALES - JL,REGIONAL H,JC0614
RETAIL BANKING GROUP,C-SERV BRANCH BANKING,Branch Banking Dept,#N/A,REGIONAL HEAD-RIBG BRANCH,REGIONAL H,JC0611
RETAIL BANKING GROUP,C-SERV BRANCH BANKING,Branch Banking Dept,#N/A,REGIONAL LIAB & SERVICE MGR,REGIONAL L,JC0929
RETAIL BANKING GROUP,C-SERV BRANCH BANKING,Branch Banking Dept,#N/A,REGIONAL SERVICE MANAGER - RIB,RSM_RIBG,JC1058
RETAIL BANKING GROUP,C-SERV BRANCH BANKING,Branch Banking Dept,#N/A,RHS - NRI AND SALARY RIBG,NRISAL_RIB,JC1059
RETAIL BANKING GROUP,C-SERV BRANCH BANKING,Branch Banking Dept,#N/A,SALES MANAGER - JEWEL LOANS,SALES MANA,JC0618
RETAIL BANKING GROUP,C-SERV BRANCH BANKING,Branch Banking Dept,#N/A,SALES OFFICER - FARM FINANCE,SALES OFFI,JC0620
RETAIL BANKING GROUP,C-SERV BRANCH BANKING,Branch Banking Dept,#N/A,SALES OFFICER - FARMER FINANCE,SALES OFFI,JC0661
RETAIL BANKING GROUP,C-SERV BRANCH BANKING,Branch Banking Dept,#N/A,SALES OFFICER -SELF HELP GROUP,SALES OFFI,JC0623
RETAIL BANKING GROUP,C-SERV BRANCH BANKING,Branch Banking Dept,#N/A,ZONAL HEAD- RIBG,ZONAL HEAD,JC0609
RETAIL BANKING GROUP,C-SERV BRANCH BANKING,Branch Banking Dept,#N/A,ZONAL SERVICE MANAGER,ZSM,JC0936
RETAIL BANKING GROUP,C-SERV BRANCH BANKING,Branch Banking Dept,#N/A,ZONAL SERVICE MANAGER - RIBG,ZSM_RIBG,JC1057
RETAIL BANKING GROUP,C-SERV BRANCH BANKING,Branch Banking Dept,#N/A,REGIONAL RISK MANAGER,REGIONAL R,JC0227
RETAIL BANKING GROUP,Liability Risk Monitoring Grp,Liability Risk Monitoring Dpt,LRM DEP,REGIONAL RISK MANAGER,REGIONAL R,JC0227
RETAIL BANKING GROUP,Liability Risk Monitoring Grp,Liability Risk Monitoring Dpt,LRM DEP,REGIONAL RISK MANAGER-RIB,RRM,JC0778
RETAIL BANKING GROUP,C-SERV BRANCH BANKING,Branch Banking Dept,#N/A,SOLUTION MANAGER - CMS,PRODUCT MA,JC0751
RETAIL BANKING GROUP,WEALTH & PRIVATE BANKING,RBG WEALTH & PRIVATE BANKING,WM&PBG,SENIOR GENERAL MANAGER,SGM-I,JC0598
RETAIL BANKING GROUP,SALES,SALARY DEPT,SAL_DEPT,REGIONAL HEAD - SALARY,RH-SAL,JC0569
RETAIL BANKING GROUP,SALES,SALARY DEPT,SAL_DEPT,RHS - RELATIONSHIP,RHS-REL,JC1055
RETAIL BANKING GROUP,SALES,SALARY DEPT,SAL_DEPT,REGIONAL HEAD SALES,RH SALES,JC1050
RETAIL BANKING GROUP,SALES,SALARY DEPT,SAL_DEPT,RELATIONSHIP MANAGER - HV,RM-HV,JC1053
RETAIL BANKING GROUP,SALES,SALARY DEPT,SAL_DEPT,RELATIONSHIP MANAGER,RELATIONSH,JC0231
RETAIL BANKING GROUP,SALES,SALARY DEPT,SAL_DEPT,RELATIONSHIP MANAGER - SALARY,RE_MAN_SAL,JC0714
RETAIL BANKING GROUP,C-SERV BRANCH BANKING,Branch Banking Dept,#N/A,SALES OFFICER-CARDS,SALES OFFI,JC0737
RETAIL BANKING GROUP,SALES,CARDS SALES DEPT,CARDS_DEPT,SALES OFFICER-CARDS,SALES OFFI,JC0737
RETAIL BANKING GROUP,SALES,PAYMENT SOLUTIONS DEPT,PAYSO_DEPT,SALES OFFICER,SALES OFF,JC1051
RETAIL BANKING GROUP,SALES,PAYMENT SOLUTIONS DEPT,PAYSO_DEPT,SALES OFFICER - ASSETS,SALES OFFI,JC0553
RETAIL BANKING GROUP,SALES,PAYMENT SOLUTIONS DEPT,PAYSO_DEPT,SALES OFFICER-CARDS,SALES OFFI,JC0737
RETAIL BANKING GROUP,C-SERV BRANCH BANKING,Branch Banking Dept,#N/A,SALES OFFICER-PL,SALES OFFI,JC0738
RETAIL BANKING GROUP,C-SERV BRANCH BANKING,Branch Banking Dept,#N/A,PROJECT SALES OFFICERS,PROJECT SA,JC0782
RETAIL BANKING GROUP,C-SERV BRANCH BANKING,Branch Banking Dept,#N/A,SALES OFFICER - CASA,SALES OFFI,JC0586
RETAIL BANKING GROUP,C-SERV BRANCH BANKING,Branch Banking Dept,#N/A,SO CASA - AUTO,SOCASA AT,JC1097
RETAIL BANKING GROUP,C-SERV BRANCH BANKING,Branch Banking Dept,#N/A,SO CASA - BLG,SOCASA BLG,JC1095
RETAIL BANKING GROUP,C-SERV BRANCH BANKING,Branch Banking Dept,#N/A,SO CASA - ETRG,SOCASA ERG,JC1099
RETAIL BANKING GROUP,C-SERV BRANCH BANKING,Branch Banking Dept,#N/A,SO CASA - MORTGAGE,SOCASA MG,JC1096
RETAIL BANKING GROUP,C-SERV BRANCH BANKING,Branch Banking Dept,#N/A,SO CASA - OTHERS,SOCASA OTH,JC1098
RETAIL BANKING GROUP,C-SERV BRANCH BANKING,Branch Banking Dept,#N/A,SALES OFFICER - NRI,SALES OFFI,JC0591
RETAIL BANKING GROUP,C-SERV BRANCH BANKING,Branch Banking Dept,#N/A,SO CA - CONNECTED BANKING,SO CA-COBA,JC1002
RETAIL BANKING GROUP,C-SERV BRANCH BANKING,Branch Banking Dept,#N/A,SALES OFFICER - CA INBOUND,SALES OFFI,JC0767
RETAIL BANKING GROUP,C-SERV BRANCH BANKING,Branch Banking Dept,#N/A,SALES OFFICER - CA,SALES OFFI,JC0585
RETAIL BANKING GROUP,C-SERV BRANCH BANKING,Branch Banking Dept,#N/A,SO CA - AUTO,SOCA AT,JC1102
RETAIL BANKING GROUP,C-SERV BRANCH BANKING,Branch Banking Dept,#N/A,SO CA - BLG,SOCA BLG,JC1100
RETAIL BANKING GROUP,C-SERV BRANCH BANKING,Branch Banking Dept,#N/A,SO CA - MORTGAGE,SOCA MG,JC1101
RETAIL BANKING GROUP,C-SERV BRANCH BANKING,Branch Banking Dept,#N/A,SALES OFFICER - SALARY,SALES OFFI,JC0587
RETAIL BANKING GROUP,SALES,SALARY DEPT,SAL_DEPT,SALES OFFICER - SALARY,SALES OFFI,JC0587
RETAIL BANKING GROUP,SALES,RBG - SALES - TWO WHEELER,2-WHEELER,REGIONAL HEAD,REGIONAL H,JC0220
RETAIL BANKING GROUP,SALES,RBG - SALES - TWO WHEELER,2-WHEELER,RELATIONSHIP MANAGER,RELATIONSH,JC0231
RETAIL BANKING GROUP,C-SERV BRANCH BANKING,CSBB WEALTH MANAGEMENT,WEALTH MGT,BUSINESS BANKING SPECIALIST,BUSINESS B,JC0674
RETAIL BANKING GROUP,C-SERV BRANCH BANKING,CSBB WEALTH MANAGEMENT,WEALTH MGT,INVESTMENT SPECIALIST,INVESTMENT,JC0673
RETAIL BANKING GROUP,C-SERV BRANCH BANKING,CSBB WEALTH MANAGEMENT,WEALTH MGT,PRODUCT SPECIALIST,PRDT-SPLST,JC1094
RETAIL BANKING GROUP,C-SERV BRANCH BANKING,Branch Banking Dept,#N/A,RELATIONSHIP MANAGER - WEALTH,RELATIONSH,JC0675
RETAIL BANKING GROUP,C-SERV BRANCH BANKING,CSBB WEALTH MANAGEMENT,WEALTH MGT,RELATIONSHIP MANAGER,RELATIONSH,JC0231
RETAIL BANKING GROUP,C-SERV BRANCH BANKING,CSBB WEALTH MANAGEMENT,WEALTH MGT,RELATIONSHIP MANAGER - WEALTH,RELATIONSH,JC0675
RETAIL BANKING GROUP,C-SERV BRANCH BANKING,Branch Banking Dept,#N/A,KEY ACCOUNTS MANAGER,KEY ACCOUN,JC0140
RETAIL BANKING GROUP,C-SERV BRANCH BANKING,Branch Banking Dept,#N/A,RELATIONSHIP MANAGER - NRI,RM-NRI,JC1029
RETAIL BANKING GROUP,TASC & GBG,TASC & GBG D,TASC&GBG_D,RELATIONSHIP MANAGER-GBG,RM_GBG,JC1124
RETAIL BANKING GROUP,TASC & GBG,TASC & GBG D,TASC&GBG_D,RELATIONSHIP MANAGER-TASC,RM_TASC,JC1125
RETAIL BANKING GROUP,TASC & GBG,TASC & GBG D,TASC&GBG_D,REGIONAL HEAD SALES-GBG,RHS_GBG,JC1123
RETAIL BANKING GROUP,TASC & GBG,TASC & GBG D,TASC&GBG_D,REGIONAL HEAD SALES-TASC,RHS_TASC,JC1126
RETAIL BANKING GROUP,SALES,SALARY DEPT,SAL_DEPT,PRIORITY BANKER - SALARY,PB_SAL,JC1119
RETAIL BANKING GROUP,C-SERV BRANCH BANKING,Branch Banking Dept,#N/A,SALES MANAGER - JEWEL LOANS,SALES MANA,JC0618
RETAIL BANKING GROUP,SALES,PAYMENT SOLUTIONS DEPT,PAYSO_DEPT,REGIONAL HEAD SALES,RH SALES,JC1050
RETAIL BANKING GROUP,TASC & GBG,TASC & GBG D,TASC&GBG_D,REGIONAL HEAD SALES,RH SALES,JC1050
RETAIL BANKING GROUP,TASC & GBG,TASC & GBG D,TASC&GBG_D,ZONAL HEAD - TASC & GBG,Zonal Head,JC0900
RETAIL BANKING GROUP,C-SERV BRANCH BANKING,Branch Banking Dept,#N/A,SO CA - ETRG,SO CA ETRG,JC1161
RETAIL BANKING GROUP,C-SERV BRANCH BANKING,Branch Banking Dept,#N/A,DAIRY OFFICER,DAIRY OFFI,JC0905
RETAIL BANKING GROUP,C-SERV BRANCH BANKING,Branch Banking Dept,#N/A,BRO - FARMER FINANCE,BRO_FF,JC1064
RETAIL BANKING GROUP,C-SERV BRANCH BANKING,Branch Banking Dept,#N/A,BRO - CASA,BRO_CASA,JC1062
RETAIL BANKING GROUP,C-SERV BRANCH BANKING,Branch Banking Dept,#N/A,BRANCH RELATIONSHIP OFFICER-C,BRO_C,JC1024
RETAIL BANKING GROUP,LIABILITY RISK MONITORING GRP,Liability Risk Monitoring Dpt,LRM DEP,REG-PROCESS COMPLIANCE MANAGER,Reg-Proces,JC0786
RETAIL BANKING GROUP,SALES,AUTO,AUTO_DEP,REGIONAL HEAD,REGIONAL H,JC0220
RETAIL BANKING GROUP,SALES,AUTO,AUTO_DEP,REGIONAL HEAD- AUTO,REGIONAL H,JC0746
RETAIL BANKING GROUP,SALES,AUTO,AUTO_DEP,RELATIONSHIP MANAGER,RELATIONSH,JC0231
RETAIL BANKING GROUP,SEG,BBG-BUSINESS LOANS GROUP,BBG-BLG,REGIONAL HEAD,REGIONAL H,JC0220
RETAIL BANKING GROUP,SEG,BBG-BUSINESS LOANS GROUP,BBG-BLG,RELATIONSHIP MANAGER,RELATIONSH,JC0231
RETAIL BANKING GROUP,SEG,XXXXSEG-BUSINESS LOANS GROUP,BLG,RELATIONSHIP MANAGER,RELATIONSH,JC0231
RETAIL BANKING GROUP,SEG,BBG-BUSINESS LOANS GROUP,BBG-BLG,ZONAL HEAD - BLG,ZH - BLG,JC0964
RETAIL BANKING GROUP,SALES,ETRG,ETRG_DEPT,TRADE DESK MANAGER,TR_DES_MGR,JC0721
RETAIL BANKING GROUP,SALES,CARDS & PERSONAL LOANS,CARDS & PL,REGIONAL HEAD,REGIONAL H,JC0220
RETAIL BANKING GROUP,SALES,COMMERCIAL BUSINESS,CB_DEP,REGIONAL HEAD,REGIONAL H,JC0220
RETAIL BANKING GROUP,SALES,COMMERCIAL BUSINESS,CB_DEP,REGIONAL HEAD- CB,REGIONAL H,JC0747
RETAIL BANKING GROUP,SALES,COMMERCIAL BUSINESS,CB_DEP,RELATIONSHIP MANAGER,RELATIONSH,JC0231
RETAIL BANKING GROUP,SALES,ETRG,ETRG_DEPT,AREA HEAD,AREA HEAD,JC0792
RETAIL BANKING GROUP,SALES,ETRG,ETRG_DEPT,REGIONAL HEAD,REGIONAL H,JC0220
RETAIL BANKING GROUP,SALES,ETRG,ETRG_DEPT,PROJECT MANAGER-ETRG,PROJECT MA,JC0780
RETAIL BANKING GROUP,SALES,ETRG,ETRG_DEPT,RELATIONSHIP MANAGER,RELATIONSH,JC0231
RETAIL BANKING GROUP,SALES,ETRG,ETRG_DEPT,SR RELATIONSHIP MANAGER-ETRG,SR RELATIO,JC0781
RETAIL BANKING GROUP,SALES,ETRG,ETRG_DEPT,ZONAL HEAD - ETRG,ZH - ETRG,JC0965
RETAIL BANKING GROUP,SALES,FOREX,DEPT_FOREX,REGIONAL HEAD,REGIONAL H,JC0220
RETAIL BANKING GROUP,SALES,FOREX,DEPT_FOREX,REGIONAL HEAD SALES,RH SALES,JC1050
RETAIL BANKING GROUP,SALES,FOREX,DEPT_FOREX,REGIONAL HEAD SALES - FOREX,REGIONAL H,JC0762
RETAIL BANKING GROUP,SALES,FOREX,DEPT_FOREX,RELATIONSHIP MANAGER,RELATIONSH,JC0231
RETAIL BANKING GROUP,SALES,MORTGAGE,MORTG_DEPT,REGIONAL RELATIONSHIP MANAGER,REGIONAL R,JC0226
RETAIL BANKING GROUP,SALES,MORTGAGE,MORTG_DEPT,BSM - AFFORDABLE HOUSING,BSM - AH,JC0943
RETAIL BANKING GROUP,SALES,MORTGAGE,MORTG_DEPT,CUSTOMER RELATIONSHIP OFFICER,CRO,JC0937
RETAIL BANKING GROUP,SALES,MORTGAGE,MORTG_DEPT,REGIONAL HEAD,REGIONAL H,JC0220
RETAIL BANKING GROUP,SALES,MORTGAGE,MORTG_DEPT,RHS - AFFORDABLE HOUSING,RHS - AH,JC0944
RETAIL BANKING GROUP,SALES,MORTGAGE,MORTG_DEPT,RELATIONSHIP MANAGER,RELATIONSH,JC0231
RETAIL BANKING GROUP,SALES,MORTGAGE,MORTG_DEPT,RELATIONSHIP MANAGER -MORTGAGE,RMMORTGAGE,JC1036
RETAIL BANKING GROUP,SALES,MORTGAGE,MORTG_DEPT,REGIONAL SERVICE MANAGER,RSM,JC0739
RETAIL BANKING GROUP,SALES,MORTGAGE,MORTG_DEPT,SENIOR BSM MORTGAGE,SENIOR BSM,JC0749
RETAIL BANKING GROUP,SALES,NRI,#N/A,BSM-NRI,BSM-NRI,JC0921
RETAIL BANKING GROUP,SALES,NRI,#N/A,REGIONAL HEAD,REGIONAL H,JC0220
RETAIL BANKING GROUP,SALES,NRI,#N/A,REGIONAL HEAD - NRI,RH - NRI,JC1076
RETAIL BANKING GROUP,SALES,NRI,#N/A,REGIONAL HEAD SALES - NRI,RHS-NRI,JC1028
RETAIL BANKING GROUP,SALES,NRI,#N/A,RELATIONSHIP MANAGER - NRI,RM-NRI,JC1029
RETAIL BANKING GROUP,SALES,AUTO,AUTO_DEP,ZONAL HEAD - VEHICLES,ZONAL HEAD,JC0923
RETAIL BANKING GROUP,SALES,CARDS & PERSONAL LOANS,CARDS & PL,ZONAL HEAD - UNSECURED ASSETS,ZONAL HEAD,JC0924
RETAIL BANKING GROUP,SALES,MORTGAGE,MORTG_DEPT,ZONAL HEAD - MORTGAGE,ZONAL HEAD,JC0677
RETAIL BANKING GROUP,SALES,PERSONAL LOAN,PERLOAN,VERIFIER,VERIFIER,JC0299
RETAIL BANKING GROUP,SALES,PERSONAL LOAN,PERLOAN,REGIONAL HEAD,REGIONAL H,JC0220
RETAIL BANKING GROUP,SALES,PERSONAL LOAN,PERLOAN,REGIONAL HEAD-SALES - BIL,RH SAL BIL,JC1042
RETAIL BANKING GROUP,SALES,PERSONAL LOAN,PERLOAN,REGIONAL HEAD-SALES - CHANNEL,RHS-CHANL,JC1046
RETAIL BANKING GROUP,SALES,PERSONAL LOAN,PERLOAN,REGIONAL HEAD-SALES - PL,RH SAL PL,JC1043
RETAIL BANKING GROUP,SALES,PERSONAL LOAN,PERLOAN,RELATIONSHIP MANAGER - BIL,RM-BIL,JC1040
RETAIL BANKING GROUP,SALES,PERSONAL LOAN,PERLOAN,RELATIONSHIP MANAGER - CHANNEL,RM-CHANL,JC1045
RETAIL BANKING GROUP,SALES,PERSONAL LOAN,PERLOAN,RM - PARTNERSHIPS,RM-PRTNR,JC1044
RETAIL BANKING GROUP,SALES,PERSONAL LOAN,PERLOAN,RELATIONSHIP MANAGER,RELATIONSH,JC0231
RETAIL BANKING GROUP,SALES,PERSONAL LOAN,PERLOAN,RELATIONSHIP MANAGER - PL,RM-PL,JC1039
RETAIL BANKING GROUP,SALES,PERSONAL LOAN,PERLOAN,PB-RM,PB-RM,JC0933
RETAIL BANKING GROUP,RURAL & INCLUSIVE BANKING GRP,FARMER FINANCE,FF,BRO - FARMER FINANCE,BRO_FF,JC1064
RETAIL BANKING GROUP,SALES,NRI,#N/A,BRO - NRI,BRO_NRI,JC1061
RETAIL BANKING GROUP,RURAL & INCLUSIVE BANKING GRP,BUSINESS CORRESPONDENT,BC_DEPT,PRODUCT MANAGER  BC,PRODUCT MA,JC0697
RETAIL BANKING GROUP,RURAL & INCLUSIVE BANKING GRP,BUSINESS CORRESPONDENT,BC_DEPT,REGIONAL HEAD - BC,REGIONAL H,JC0646
RETAIL BANKING GROUP,RURAL & INCLUSIVE BANKING GRP,BUSINESS CORRESPONDENT,BC_DEPT,SALES MANAGER  BC,SALES MANA,JC0698
RETAIL BANKING GROUP,RURAL & INCLUSIVE BANKING GRP,BUSINESS CORRESPONDENT,BC_DEPT,SALES OFFICER BC,SALES OFFI,JC0699
RETAIL BANKING GROUP,RURAL & INCLUSIVE BANKING GRP,ENTERPRISE CREDIT,EC_DEPT,PRODUCT MANAGER - CBF,PRODUCT MA,JC0680
RETAIL BANKING GROUP,RURAL & INCLUSIVE BANKING GRP,ENTERPRISE CREDIT,EC_DEPT,PRODUCT MANAGER - EC,PRODUCT MA,JC0655
RETAIL BANKING GROUP,RURAL & INCLUSIVE BANKING GRP,ENTERPRISE CREDIT,EC_DEPT,PRODUCT MANAGER - RBC,PRODUCT MA,JC0681
RETAIL BANKING GROUP,RURAL & INCLUSIVE BANKING GRP,ENTERPRISE CREDIT,EC_DEPT,REGIONAL HEAD-RIBG SALES,REGIONAL H,JC0610
RETAIL BANKING GROUP,RURAL & INCLUSIVE BANKING GRP,ENTERPRISE CREDIT,EC_DEPT,SM - ENTERPRISE SOLUTIONS,SM_ES,JC1066
RETAIL BANKING GROUP,RURAL & INCLUSIVE BANKING GRP,ENTERPRISE CREDIT,EC_DEPT,SOLUTION MANAGER-EC-CBF,SOLUTION M,JC0759
RETAIL BANKING GROUP,RURAL & INCLUSIVE BANKING GRP,ENTERPRISE CREDIT,EC_DEPT,SOLUTION MANAGER-EC-RBC,SOLUTION M,JC0777
RETAIL BANKING GROUP,RURAL & INCLUSIVE BANKING GRP,ENTERPRISE SOLUTION,ENTRP_SOLN,RHS - ENTERPRISE SOLUTIONS,RHS_ES,JC1065
RSPPG,ASSET PRODUCT,TWO WHEELER,2WHEELER,RELATIONSHIP MANAGER,RELATIONSH,JC0231
RSPPG,ATM,ATM OPERATIONS GRP,ATM_DPT,ATM OPERATIONS MANAGER,ATM_OP_MA,JC0709
RSPPG,ATM,ATM OPERATIONS GRP,ATM_DPT,DEPUTY MANAGER,DEPUTY MGR,JC0788
RSPPG,ATM,ATM-SWITCH,#N/A,DEPUTY MANAGER,DEPUTY MGR,JC0788
RSPPG,ASSET PRODUCT,AUTO PRODUCT,AUTPRO_DEP,DEPUTY MANAGER,DEPUTY MGR,JC0788
RSPPG,ASSET PRODUCT,AUTO PRODUCT,AUTPRO_DEP,SENIOR GENERAL MANAGER,SGM-I,JC0598
RETAIL BANKING GROUP,RURAL & INCLUSIVE BANKING GRP,ENTERPRISE SOLUTION,ENTRP_SOLN,SM - ENTERPRISE SOLUTIONS,SM_ES,JC1066
RSPPG,SELF EMPLOYED SEGMENT,BLG-PRODUCT,DEP_BLGPRO,DEPUTY MANAGER,DEPUTY MGR,JC0788
RSPPG,SELF EMPLOYED SEGMENT,BLG-PRODUCT,DEP_BLGPRO,INSTA OD-RM,BBG-BLG,JC0999
RSPPG,SELF EMPLOYED SEGMENT,CURRENT ACCT PRODUCT,#N/A,RELATIONSHIP OFFICER,RELATIONSH,JC0232
RSPPG,RSPPG LIABILITY PRODUCT,LIABILITY PRODUCT DEPT,LP_DEPT,SENIOR GENERAL MANAGER,SGM-I,JC0598
RETAIL BANKING GROUP,RURAL & INCLUSIVE BANKING GRP,FARM EQUIPMENT,FARM EQUIP,DEPUTY MANAGER,DEPUTY MGR,JC0788
RSPPG,SELF EMPLOYED SEGMENT,CMS-PRODUCT,#N/A,DEPUTY MANAGER,DEPUTY MGR,JC0788
RSPPG,SELF EMPLOYED SEGMENT,CMS-PRODUCT,#N/A,PRODUCT HEAD - CMS,PRODUCT HE,JC0750
RSPPG,SELF EMPLOYED SEGMENT,CMS-PRODUCT,#N/A,RELATIONSHIP MANAGER,RELATIONSH,JC0231
RSPPG,SELF EMPLOYED SEGMENT,CMS-PRODUCT,#N/A,RELATIONSHIP OFFICER,RELATIONSH,JC0232
RSPPG,SELF EMPLOYED SEGMENT,CMS-PRODUCT,#N/A,SOLUTION MANAGER - CMS,PRODUCT MA,JC0751
RSPPG,CREDIT CARDS & PERSONAL LOANS,CREDIT CARDS,CC_DEPT,DEPUTY MANAGER,DEPUTY MGR,JC0788
RSPPG,MORTGAGE PRODUCT,CONST_REALTY & FUNDING GRP,CRFG_DEPT,NATIONAL ASSET MANAGER,NAM,JC1022
RSPPG,MORTGAGE PRODUCT,CONST_REALTY & FUNDING GRP,CRFG_DEPT,RELATIONSHIP MANAGER,RELATIONSH,JC0231
RSPPG,LIABILITY PRODUCT,Central Reverification Unit,CRU,DEPUTY MANAGER,DEPUTY MGR,JC0788
RSPPG,ASSET PRODUCT,DEALER FUNDING DEPT,DF_DEPT,AREA HEAD,AREA HEAD,JC0792
RSPPG,ASSET PRODUCT,DEALER FUNDING DEPT,DF_DEPT,REGIONAL HEAD,REGIONAL H,JC0220
RSPPG,ASSET PRODUCT,DEALER FUNDING DEPT,DF_DEPT,RELATIONSHIP MANAGER,RELATIONSH,JC0231
RSPPG,SELF EMPLOYED SEGMENT,ETRG-PRODUCT DEPT,ETRG-PRODU,KEY RELATIONSHIP MANAGER,KRM,JC1120
RSPPG,SELF EMPLOYED SEGMENT,ETRG-PRODUCT DEPT,ETRG-PRODU,RELATIONSHIP OFFICER,RELATIONSH,JC0232
RSPPG,SELF EMPLOYED SEGMENT,ETRG-PRODUCT DEPT,ETRG-PRODU,SME ETRG,SME ETRG,JC0998
RSPPG,RSPPG LIABILITY PRODUCT,THIRD PARTY PRODUCTS,TPP_DEPT,DEPUTY MANAGER,DEPUTY MGR,JC0788
RSPPG,RSPPG LIABILITY PRODUCT,SALARY,SAL_DEP,KEY ACCOUNTS MANAGER - RE,KAM-RE,JC1106
RSPPG,RSPPG LIABILITY PRODUCT,SALARY,SAL_DEP,SENIOR KEY ACCOUNTS MANAGER,SR_KEY_AM,JC1103
RSPPG,ASSET PRODUCT,LOAN AGAINST SECURITIES,LAS_DEPT,RELATIONSHIP MANAGER,RELATIONSH,JC0231
RSPPG,RSPPG LIABILITY PRODUCT,RSPPG - MARKETING,MKT_DEPT,DEPUTY MANAGER,DEPUTY MGR,JC0788
RSPPG,RSPPG LIABILITY PRODUCT,RSPPG - MARKETING,MKT_DEPT,LEADERSHIP TEAM,LEAD-TEAM,JC1078
RSPPG,ASSET PRODUCT,MORTGAGE PRODUCT DEPT,MP_DEPT,DEPUTY MANAGER,DEPUTY MGR,JC0788
RSPPG,ASSET PRODUCT,MORTGAGE PRODUCT DEPT,MP_DEPT,HEAD MORTGAGE - SALES,HEAD MOTGE,JC1004
INTERNATIONAL BANKING GROUP,NRI PRODUCTS,NRI PRODUCTS,NRIPD,DEPUTY MANAGER,DEPUTY MGR,JC0788
INTERNATIONAL BANKING GROUP,NRI PRODUCTS,NRI PRODUCTS,NRIPD,HEAD - NRI SALES,H_NRI-SALS,JC1093
RSPPG,PAYMENT SOLUTIONS,PAYMENT SOLUTIONS,PAYSOL_SG,DEPUTY MANAGER,DEPUTY MGR,JC0788
RSPPG,PAYMENT SOLUTIONS,PAYMENT SOLUTIONS,PAYSOL_SG,PROJECT MANAGER - TOLL,PROJECT MA,JC0787
RSPPG,PAYMENT SOLUTIONS,PAYMENT SOLUTIONS,PAYSOL_SG,RELATIONSHIP MANAGER,RELATIONSH,JC0231
RSPPG,WEALTH & PRIVILEGE BANKING,PRIVILEGE BANKING,#N/A,DEPUTY MANAGER,DEPUTY MGR,JC0788
RSPPG,ASSET PRODUCT,RETAIL STRUCTURED FINANCE,RESTR_DEPT,RELATIONSHIP MANAGER,RELATIONSH,JC0231
RSPPG,RSPPG LIABILITY PRODUCT,SALARY,SAL_DEP,DEPUTY MANAGER,DEPUTY MGR,JC0788
RSPPG,RSPPG LIABILITY PRODUCT,FIXED DEPOSIT PRODUCTS,FDP_DEPT,DEPUTY MANAGER,DEPUTY MGR,JC0788
RSPPG,RSPPG LIABILITY PRODUCT,SAVINGS PRODUCT,SAVP_DEPT,DEPUTY MANAGER,DEPUTY MGR,JC0788
RSPPG,RSPPG LIABILITY PRODUCT,SAVINGS PRODUCT,SAVP_DEPT,RELATIONSHIP MANAGER,RELATIONSH,JC0231
RSPPG,RSPPG LIABILITY PRODUCT,BRANCH BANKING SERVICE,BBS_DEPT,DEPUTY MANAGER,DEPUTY MGR,JC0788
RSPPG,TASC & GBG,BUSINESS ANALYTICS,BUSINESS,MANAGER - BUSINESS ANALYTICS,MANAGER -,JC0920
RSPPG,TASC & GBG,CENTRAL MANDATE,CENT MANDT,DEPUTY MANAGER,DEPUTY MGR,JC0788
RSPPG,TASC & GBG,TASC & GBG R,TASC&GBG_R,PROD MGR MICRO MKT - GBG & IB,PROD MICRO,JC1077
RETAIL BANKING GROUP,RURAL & INCLUSIVE BANKING GRP,FARM EQUIPMENT,FARM EQUIP,RELATIONSHIP MANAGER,RELATIONSH,JC0231
RETAIL BANKING GROUP,RURAL & INCLUSIVE BANKING GRP,FARM EQUIPMENT,FARM EQUIP,RELATIONSHIP OFFICER,RELATIONSH,JC0232
RETAIL BANKING GROUP,RURAL & INCLUSIVE BANKING GRP,FARM EQUIPMENT,FARM EQUIP,SALES OFFICER,SALES OFF,JC1051
RSPPG,RSPPG LIABILITY PRODUCT,SALARY,SAL_DEP,RELATIONSHIP MANAGER,RELATIONSH,JC0231
RETAIL BANKING GROUP,RURAL & INCLUSIVE BANKING GRP,FARMER FINANCE - CORPORATE,FF CORP,SALES OFFICER - FF CORP,SO_FFCORP,JC1088
RETAIL BANKING GROUP,RURAL & INCLUSIVE BANKING GRP,FARMER FINANCE - CORPORATE,FF CORP,SOLUTION MANAGER – FF CORP,SM_FFCORP,JC1087
RETAIL BANKING GROUP,RURAL & INCLUSIVE BANKING GRP,INCLUSIVE BANKING,INCL BNKNG,REGIONAL HEAD SALES-INCL BNKG,RHS-INCLBK,JC0931
RETAIL BANKING GROUP,RURAL & INCLUSIVE BANKING GRP,INCLUSIVE BANKING,INCL BNKNG,SALES OFFICER-INCL BANKING,SALES OFFI,JC0930
RETAIL BANKING GROUP,RURAL & INCLUSIVE BANKING GRP,RURAL IB,RURAL IB,RELATIONSHIP OFFICER-RURAL IB,RO-RIB,JC0811
RETAIL BANKING GROUP,RURAL & INCLUSIVE BANKING GRP,RURAL IB,RURAL IB,REGIONAL HEAD SALES - RURAL IB,RHS-RUR IB,JC1003
RETAIL BANKING GROUP,RURAL & INCLUSIVE BANKING GRP,RURAL IB,RURAL IB,RELATIONSHIP MANAGER-RURAL IB,RM-RIB,JC0809
RETAIL BANKING GROUP,SEG,BBG-BUSINESS LOANS GROUP,BBG-BLG,INSTA OD-RM,BBG-BLG,JC0999
RSPPG,SELF EMPLOYED SEGMENT,BLG-PRODUCT,DEP_BLGPRO,SME - BLG,SME - BLG,JC1122
RETAIL BANKING GROUP,SALES,MORTGAGE,MORTG_DEPT,CHANNEL MGR - DIRECT CHANNEL,CHMGR_DC,JC1074
RSPPG,ASSET PRODUCT,CONSUMER FINANCE DEPT,CF_DEP,SALES OFFICER,SALES OFF,JC1051
RETAIL BANKING GROUP,RURAL & INCLUSIVE BANKING GRP,INCLUSIVE BANKING,INCL BNKNG,PRODUCT HEAD – INCL BANKING,PH-IB,JC1143
RETAIL BANKING GROUP,RURAL & INCLUSIVE BANKING GRP,RURAL & INCLUSIVE BANKING,#N/A,PROCESS MANAGER – MIS & BSC,PH-MIS&BSC,JC1140
RETAIL BANKING GROUP,RURAL & INCLUSIVE BANKING GRP,RURAL & INCLUSIVE BANKING,#N/A,PROCESS MANAGER – PAYOUTS,PH-PAYOUTS,JC1139
RSPPG,SELF EMPLOYED SEGMENT,ETRG-PRODUCT DEPT,ETRG-PRODU,SME ETRG,SME ETRG,JC0998
RSPPG,CREDIT AND POLICY GROUP,UNSECURED ASSETS,UNSEC_CRDT,REGIONAL CREDIT MANAGER - EL,RCM - EL,JC0950
RSPPG,CREDIT AND POLICY GROUP,UNSECURED ASSETS,UNSEC_CRDT,STATE CREDIT HEAD,ST_CRH,JC1145
RETAIL BANKING GROUP,SALES,COMMERCIAL BUSINESS,CB_DEP,BRANCH RELATIONSHIP OFFICER-F,BRO_F,JC1025
RETAIL BANKING GROUP,TASC & GBG,KEY RELATIONSHIP,KR,RELATIONSHIP MANAGER-GBG,RM_GBG,JC1124
RETAIL BANKING GROUP,TASC & GBG,INSTITUTIONAL RELATIONSHIP,IR,REGIONAL HEAD SALES-TASC,RHS_TASC,JC1126
RETAIL BANKING GROUP,SEG,BBG-BUSINESS LOANS GROUP,BBG-BLG,RHS-SES - WEALTH,RHSSESWLTH,JC1160
RETAIL BANKING GROUP,SEG,BBG-BUSINESS LOANS GROUP,BBG-BLG,RHS-SES - WEALTH,RHSSESWLTH,JC1160
RETAIL BANKING GROUP,RBG,RLG-SALES,RLGSA,HEAD- PRODUCT SPECIALIST,HEAD-PS,JC1104
RSPPG,SELF EMPLOYED SEGMENT,BLG-PRODUCT,DEP_BLGPRO,INSTA-OD MANAGER,INSTOD MGR,JC1167
RETAIL BANKING GROUP,RBG,RLG-SALES,RLGSA,PRODUCT SPECIALIST,PRDT-SPLST,JC1094
RETAIL BANKING GROUP,SALES,ETRG,ETRG_DEPT,KEY RELATIONSHIP MANAGER,KRM,JC1120
RSPPG,LIABILITY PRODUCT,Branch Process Management Grp,BPMG,Zonal Branch Process Manager,ZBPM,JC1183
RSPPG,LIABILITY PRODUCT,Branch Process Management Grp,BPMG,Branch Process Manager,BPM,JC1184
RSPPG,LIABILITY PRODUCT,Branch Process Management Grp,BPMG,RH - Designate,RH-D,JC1185
RSPPG,LIABILITY PRODUCT,Branch Process Management Grp,BPMG,Head- Branch Process,HBP,JC1186
RSPPG,LIABILITY PRODUCT,Demat Services,DMAT_SRVC,PRODUCT HEAD - DEMAT SERVICES,PH-DS,JC1169
RETAIL BANKING GROUP,RLG-SALES,PRIVATE BANKING GROUP_DOMSALES,RLGPBG-DOM,ZH-BUSINESS BANKING SPECIALIST,ZH-BBS,JC1151
RSPPG,ASSET PRODUCT,MORTGAGE PRODUCT DEPT,MP_DEPT,PROD MGR-DIGITAL TRANSFORMTION,PROD-DGTL,JC1189
RETAIL BANKING GROUP,WEALTH & PRIVATE BANKING,RBG WEALTH & PRIVATE BANKING,WM&PBG,HEAD-WEALTH SELECT& ZH-PVT BKG,HEAD-PVT,JC1188
RETAIL BANKING GROUP,SALES,MORTGAGE,MORTG_DEPT,REGIONAL CHANNEL MANAGER,RCM MORTG,JC1157
RETAIL BANKING GROUP,SALES,MORTGAGE,MORTG_DEPT,CHANNEL MGR GROUPCOMPANIES,CHMGRR_GRP,JC1070
RETAIL BANKING GROUP,C-SERV BRANCH BANKING,CSBB WEALTH MANAGEMENT,WEALTH MGT,SERVICE RELATIONSHIP MANAGER,SERV_MGR,JC1192
RSPPG,SELF EMPLOYED SEGMENT,E-COMMERCE PRODUCT,E-COMM_DEP,Head E commerce Ecosystem,H-EComEcoS,JC0855
RETAIL BANKING GROUP,RLG-SALES,PRIVATE BANKING GROUP,RLGSA-PBG,SERVICE RELATIONSHIP MANAGER,SERV_MGR,JC1192
RETAIL BANKING GROUP,RLG-SALES,PRIVATE BANKING GROUP_PRODUCT,RLGPBG-CO,SERVICE RELATIONSHIP MANAGER,SERV_MGR,JC1192
RETAIL BANKING GROUP,RLG-SALES,PRIVATE BANKING GROUP_DOMSALES,RLGPBG-DOM,SERVICE RELATIONSHIP MANAGER,SERV_MGR,JC1192
RETAIL BANKING GROUP,RLG-SALES,PRIVATE BANKING GROUP_EMERGMKT,RLGPBG-EM,SERVICE RELATIONSHIP MANAGER,SERV_MGR,JC1192
RETAIL BANKING GROUP,RLG-SALES,PRIVATE BANKING GROUP_INTL IND,RLGPBG-INT,SERVICE RELATIONSHIP MANAGER,SERV_MGR,JC1192
RETAIL BANKING GROUP,RLG-SALES,PRIVATE BANKING GROUP_DOMSALES,RLGPBG-DOM,ZH Family Off&Key Relationship,ZH_KEYRLP,JC1199
RSPPG GROUP,RSPPG LIABILITY PRODUCT,"FD,DEMAT & THIRD PARTY PRODUCT",FDD_THIRDP,PRODUCT HEAD - DEMAT SERVICES,PH-DS,JC1169
RSPPG GROUP,LIABILITY PRODUCT,BRANCH PROCESS & SERVICE,RSPPG_BBS,Branch Process Manager,BPM,JC1184
RETAIL BANKING GROUP,SALES,CORPORATE EMP SOLUTIONS GROUP,CORP_DEPT,SOLUTION MANAGER CESG,SM_CESG,JC1284
RETAIL BANKING GROUP,SALES,CORPORATE EMP SOLUTIONS GROUP,CORP_DEPT,REGIONAL HEAD CESG,RH_CESG,JC1278
RETAIL BANKING GROUP,SALES,CORPORATE EMP SOLUTIONS GROUP,CORP_DEPT,REGIONAL HEAD SALES CESG,RHS_CESG,JC1279
RETAIL BANKING GROUP,SALES,CORPORATE EMP SOLUTIONS GROUP,CORP_DEPT,RELATIONSHIP MANAGER- HV CESG,RMHV_CESG,JC1281
RETAIL BANKING GROUP,SALES,CORPORATE EMP SOLUTIONS GROUP,CORP_DEPT,RELATIONSHIP MANAGER CESG,RM_CESG,JC1280
RETAIL BANKING GROUP,SALES,CORPORATE EMP SOLUTIONS GROUP,CORP_DEPT,PRIORITY BANKER CESG,PB_CESG,JC1277
RETAIL BANKING GROUP,C-SERV BRANCH BANKING,Branch Banking Dept,#N/A,SALES OFFICER CESG,SO_CESG,JC1283
RETAIL BANKING GROUP,SALES,SALARY DEPT,SAL_DEPT,SALES OFFICER CESG,SO_CESG,JC1283
RSPPG,SELF EMPLOYED SEGMENT,E-COMMERCE PRODUCT,E-COMM_DEP,HEAD ECOMM ECOSYTEM-MUMBAI,HEAD_ECOM,JC1303
RSPPG,SELF EMPLOYED SEGMENT,E-COMMERCE PRODUCT,E-COMM_DEP,HEAD ECOMM ECOSYTEM-BENGALURU,HEAD_ECOB,JC1305
RETAIL BANKING GROUP,C-SERV BRANCH BANKING,Branch Banking Dept,#N/A,ELITE RELATIONSHIP MANAGER,EL_RM,JC1290
Retail Banking Group,SALES,EAZYPAY,EAZYPYCMS,SM-EAZYPAY,SM_EPAY,JC1309
Retail Banking Group,SALES,EAZYPAY,EAZYPYCMS,RH-EAZYPAY,RH_EPAY,JC1308
RETAIL BANKING GROUP,SALES,CORPORATE EMP SOLUTIONS GROUP,CORP_DEPT,KEY RELATIONSHIP HEAD,KRH_BB,JC1301
RETAIL BANKING GROUP,SALES,CORPORATE EMP SOLUTIONS GROUP,CORP_DEPT,REGIONAL HEAD SALES CESG,RHS_CESG,JC1279
RETAIL BANKING GROUP,TASC & GBG S,TASC & GBG D,TASC&GBG_D,REGIONAL HEAD SALES - ERM,RHS_ERM,JC1294
RETAIL BANKING GROUP,C-SERV BRANCH BANKING,Branch Banking Dept,#N/A,KEY RELATIONSHIP HEAD,KRH_BB,JC1301
RETAIL BANKING GROUP,SALES,SALARY DEPT,SAL_DEPT,RELATIONSHIP MANAGER- HV CESG,RMHV_CESG,JC1281
RETAIL BANKING GROUP,SALES,SALARY DEPT,SAL_DEPT,RELATIONSHIP MANAGER CESG,RM_CESG,JC1280
RETAIL BANKING GROUP,C-SERV BRANCH BANKING,Branch Banking Dept,#N/A,RELATIONSHIP MANAGER CESG,RM_CESG,JC1280
