SETID,JOBCODE,EFFDT,EFF_STATUS,DESCR,DESCRSHORT
ICICI,JC0088,01-01-1900 00:00:00,A,CREDIT MANAGER,CREDIT MAN
ICICI,JC0089,01-01-1900 00:00:00,A,CREDIT OFFICER,CREDIT OFF
ICICI,JC0090,01-01-1900 00:00:00,A,CREDIT OPERATIONS MANAGER,CREDIT OPE
ICICI,JC0091,01-01-1900 00:00:00,A,CREDIT POLICY MANAGER,CREDIT POL
ICICI,JC0071,01-01-1900 00:00:00,A,COLLECTION MANAGER,COLLECTION
ICICI,JC0008,01-01-1900 00:00:00,A,AGENCY OFFICER,AGENCY OFF
ICICI,JC0009,01-01-1900 00:00:00,A,ALM MONITORING & REPORTING MGR,ALM MONITO
ICICI,JC0010,01-01-1900 00:00:00,A,ANALYST,ANALYST
ICICI,JC0011,01-01-1900 00:00:00,A,ANALYTICS HEAD,ANALYTICS
ICICI,JC0012,01-01-1900 00:00:00,A,AREA BUSINESS DEVELOPMENT HEAD,AREA BUSIN
ICICI,JC0013,01-01-1900 00:00:00,A,AREA BUSINESS DEVELOPMENT MGR,AREA BUSIN
ICICI,JC0014,01-01-1900 00:00:00,A,AREA BUSINESS MANAGER,AREA BUSIN
ICICI,JC0015,01-01-1900 00:00:00,A,AREA COLLECTION MANAGER,AREA COLLE
ICICI,JC0016,01-01-1900 00:00:00,A,AREA CREDIT MANAGER,AREA CREDI
ICICI,JC0017,01-01-1900 00:00:00,A,AREA HEAD,AREA HEAD
ICICI,JC0018,01-01-1900 00:00:00,A,AREA MANAGER,AREA MANAG
ICICI,JC0019,01-01-1900 00:00:00,A,AREA MARKETING MANAGER,AREA MARKE
ICICI,JC0020,01-01-1900 00:00:00,A,AREA OPERATIONS MANAGER,AREA OPERA
ICICI,JC0021,01-01-1900 00:00:00,A,AREA RISK MANAGER,AREA RISK
ICICI,JC0022,01-01-1900 00:00:00,A,AREA SALES MANAGER,AREA SALES
ICICI,JC0023,01-01-1900 00:00:00,A,AREA SOLUTION MANAGER,AREA SOLUT
ICICI,JC0024,01-01-1900 00:00:00,A,AREA SOLUTION OFFICER,AREA SOLUT
ICICI,JC0025,01-01-1900 00:00:00,A,AREA TECHNICAL MANAGER,AREA TECHN
ICICI,JC0026,01-01-1900 00:00:00,A,ASSET DESK MANAGER,ASSET DESK
ICICI,JC0027,01-01-1900 00:00:00,A,ASSET MANAGER,ASSET MANA
ICICI,JC0028,01-01-1900 00:00:00,A,ASSISTANT,ASSISTANT
ICICI,JC0029,01-01-1900 00:00:00,A,ASSISTANT COMPANY SECRETARY,ASSISTANT
ICICI,JC0030,01-01-1900 00:00:00,A,ASST ORGAN EXCELLENCE MGR,ASST ORGAN
ICICI,JC0031,01-01-1900 00:00:00,A,ASST RELATIONSHIP MANAGER,ASST RELAT
ICICI,JC0032,01-01-1900 00:00:00,A,AUDIT MANAGER,AUDIT MANA
ICICI,JC0033,01-01-1900 00:00:00,A,AUDIT SUPERVISOR,AUDIT SUPE
ICICI,JC0034,01-01-1900 00:00:00,A,AUDITOR,AUDITOR
ICICI,JC0035,01-01-1900 00:00:00,A,BRANCH COLLECTIONS MANAGER,BRANCH COL
ICICI,JC0036,01-01-1900 00:00:00,A,BRANCH CREDIT MANAGER,BRANCH CRE
ICICI,JC0037,01-01-1900 00:00:00,A,BRANCH MANAGER,BRANCH MAN
ICICI,JC0039,01-01-1900 00:00:00,A,BRANCH SALES MANAGER,BSM
ICICI,JC0040,01-01-1900 00:00:00,A,BUCKET COORDINATOR,BUCKET COO
ICICI,JC0041,01-01-1900 00:00:00,A,BUSINESS ANALYST,BUSINESS A
ICICI,JC0042,01-01-1900 00:00:00,A,BUSINESS DEVELOPMENT MANAGER,BUSINESS D
ICICI,JC0043,01-01-1900 00:00:00,A,BUSINESS DEVELOPMENT OFFICER,BDO
ICICI,JC0044,01-01-1900 00:00:00,A,BUSINESS DEVELOPMENT TEAM LEAD,BUSINESS D
ICICI,JC0045,01-01-1900 00:00:00,A,BUSINESS HEAD,BUSINESS H
ICICI,JC0046,01-01-1900 00:00:00,A,BUSINESS HR HEAD,BUSINESS H
ICICI,JC0047,01-01-1900 00:00:00,A,BUSINESS HR MANAGER,BUSINESS H
ICICI,JC0048,01-01-1900 00:00:00,A,BUSINESS MANAGER,BUSINESS M
ICICI,JC0049,01-01-1900 00:00:00,A,BUSINESS RELATIONSHIP MANAGER,BUSINESS R
ICICI,JC0050,01-01-1900 00:00:00,A,BUSINESS TECHNOLOGY LEAD,BUSINESS T
ICICI,JC0051,01-01-1900 00:00:00,A,CARD ALLIANCES MANAGER,CARD ALLIA
ICICI,JC0052,01-01-1900 00:00:00,A,CENTRE HEAD,CENTRE HEA
ICICI,JC0053,01-01-1900 00:00:00,A,CENTRE MANAGER,CENTRE MAN
ICICI,JC0054,01-01-1900 00:00:00,A,CFO & TREASURER,CFO & TREA
ICICI,JC0055,01-01-1900 00:00:00,A,CHANNEL HEAD,CHANNEL HE
ICICI,JC0056,01-01-1900 00:00:00,A,CHANNEL MANAGER,CHANNEL MA
ICICI,JC0057,01-01-1900 00:00:00,A,CHIEF INFO SECURITY OFFICER,CHIEF INFO
ICICI,JC0058,01-01-1900 00:00:00,A,CHIEF ORGN EXCELLENCE MANAGER,CHIEF ORGN
ICICI,JC0060,01-01-1900 00:00:00,A,CITY MANAGER,CITY MANAG
ICICI,JC0061,01-01-1900 00:00:00,A,CLEARING INCHARGE,CLEARING I
ICICI,JC0062,01-01-1900 00:00:00,A,CLEARING MANAGER,CLEARING M
ICICI,JC0063,01-01-1900 00:00:00,A,CLERK,CLERK
ICICI,JC0064,01-01-1900 00:00:00,A,CLUSTER BRANCH MANAGER,CLUSTER BR
ICICI,JC0065,01-01-1900 00:00:00,A,CLUSTER COORDINATOR,CLUSTER CO
ICICI,JC0066,01-01-1900 00:00:00,A,CLUSTER CREDIT MANAGER,CLUSTER CR
ICICI,JC0067,01-01-1900 00:00:00,A,CLUSTER HEAD,CLUSTER HE
ICICI,JC0068,01-01-1900 00:00:00,A,CLUSTER HEAD BRANCH BANKING,CLUSTER HE
ICICI,JC0069,01-01-1900 00:00:00,A,CLUSTER MANAGER,CLUSTER MA
ICICI,JC0070,01-01-1900 00:00:00,A,CMS - CUSTODIAN,CMS - CUST
ICICI,JC0092,01-01-1900 00:00:00,A,CROSS SELL MANAGER,CROSS SELL
ICICI,JC0093,01-01-1900 00:00:00,A,CUSTOMER ACCOUNT MANAGER,CUSTOMER A
ICICI,JC0325,01-01-1900 00:00:00,A,ASSISTANT MANAGER,ASSISTANT
ICICI,JC0326,01-01-1900 00:00:00,A,ASST MGR CONSTRUCTION FINANCE,ASST MGR C
ICICI,JC0327,01-01-1900 00:00:00,A,ASSISTANT PRODUCT MANAGER,ASSISTANT
ICICI,JC0328,01-01-1900 00:00:00,A,ASSOCIATE-CBG,ASSOCIATE-
ICICI,JC0329,01-01-1900 00:00:00,A,ASSOCIATE-RELATIONSHIP TEAM,ASSOCIATE-
ICICI,JC0330,01-01-1900 00:00:00,A,ASSOCIATE-TB,ASSOCIATE-
ICICI,JC0331,01-01-1900 00:00:00,A,ASSISTANT GENERAL MANAGER,ASST GENER
ICICI,JC0332,01-01-1900 00:00:00,A,ASST VICE PRESIDENT,ASST VICE
ICICI,JC0333,01-01-1900 00:00:00,A,ASST VP TRADE FINANCE,ASST VP TR
ICICI,JC0334,01-01-1900 00:00:00,A,BANKING ASSISTANT,BANKING AS
ICICI,JC0335,01-01-1900 00:00:00,A,BRANCH HEAD,BRANCH HEA
ICICI,JC0336,01-01-1900 00:00:00,A,BRANCH OPERATION MANAGER - IBG,BRANCH OPE
ICICI,JC0337,01-01-1900 00:00:00,A,CEO-ICICI International Limit,CEO-ICICI
ICICI,JC0338,01-01-1900 00:00:00,A,CHIEF COMPLIANCE OFFICER,CHIEF COMP
ICICI,JC0339,01-01-1900 00:00:00,A,CHIEF FINANCIAL OFFICER,CHIEF FINA
ICICI,JC0340,01-01-1900 00:00:00,A,CHIEF MANAGER,CHIEF MANA
ICICI,JC0341,01-01-1900 00:00:00,A,CM - INTERNAL CONTROLS,CM - INTER
ICICI,JC0342,01-01-1900 00:00:00,A,CHIEF REPRESENTATIVE OFFICER,CHIEF REPR
ICICI,JC0343,01-01-1900 00:00:00,A,CLIENT BANKER,CLIENT BAN
ICICI,JC0344,01-01-1900 00:00:00,A,CLIENT BANKER-CHENNAI REGION,CLIENT BAN
ICICI,JC0345,01-01-1900 00:00:00,A,COMPLIANCE ANALYST,COMPLIANCE
ICICI,JC0346,01-01-1900 00:00:00,A,CONSULTANT,CONSULTANT
ICICI,JC0347,01-01-1900 00:00:00,A,CREDIT ANALYST-CREDIT TEAM,CREDIT ANA
ICICI,JC0349,01-01-1900 00:00:00,A,CUSTOMER SERVICE ASSISTANT,CUSTOMER S
ICICI,JC0350,01-01-1900 00:00:00,A,CUSTOMER SERVICE REP,CUSTOMER S
ICICI,JC0351,01-01-1900 00:00:00,A,DEBT MANAGER,DEBT MANAG
ICICI,JC0352,01-01-1900 00:00:00,A,DEPUTY CEO,DEPUTY CEO
ICICI,JC0353,01-01-1900 00:00:00,A,DEPUTY COMPLIANCE OFFICER,DEPUTY COM
ICICI,JC0354,01-01-1900 00:00:00,A,DEPUTY GENERAL MANAGER,DY GENERAL
ICICI,JC0367,01-01-1900 00:00:00,A,MANAGEMENT TRAINEE,MANAGEMENT
ICICI,JC0368,01-01-1900 00:00:00,A,MANAGER,MANAGER
ICICI,JC0369,01-01-1900 00:00:00,A,MANAGER - CORPORATE SECURITY,MANAGER -
ICICI,JC0370,01-01-1900 00:00:00,A,MANAGER - FINANCE,MANAGER -
ICICI,JC0371,01-01-1900 00:00:00,A,MANAGER - HUMAN RESOURCE,MANAGER -
ICICI,JC0372,01-01-1900 00:00:00,A,MGR CONST & REALTY FUNDING,MGR CONST
ICICI,JC0373,01-01-1900 00:00:00,A,MANAGER CONSTRUCTION FINANCE,MANAGER CO
ICICI,JC0374,01-01-1900 00:00:00,A,MANAGER IT,MANAGER IT
ICICI,JC0375,01-01-1900 00:00:00,A,MANAGER MARKETING,MANAGER MA
ICICI,JC0376,01-01-1900 00:00:00,A,MANAGER OPERATIONS,MANAGER OP
ICICI,JC0377,01-01-1900 00:00:00,A,MANAGER SERVICE QUALITY PRJ,MANAGER SE
ICICI,JC0378,01-01-1900 00:00:00,A,MANAGER-COLLECTIONS,MANAGER-CO
ICICI,JC0379,01-01-1900 00:00:00,A,MANAGER-TRADE FINANCE OPS,MANAGER-TR
ICICI,JC0380,01-01-1900 00:00:00,A,MANAGING DIRECTOR & CEO,MANAGING D
ICICI,JC0381,01-01-1900 00:00:00,A,NATIONAL COLLECTION MGR,NATIONAL C
ICICI,JC0382,01-01-1900 00:00:00,A,NATIONAL HEAD-BRNCH SALES & BD,NATIONAL H
ICICI,JC0383,01-01-1900 00:00:00,A,NRI RELATIONSHIP OFFICER,NRI RELATI
ICICI,JC0384,01-01-1900 00:00:00,A,OFFICER,OFFICER
ICICI,JC0385,01-01-1900 00:00:00,A,OFFICER FINANCIAL CONTROL,OFFICER FI
ICICI,JC0386,01-01-1900 00:00:00,A,OFFICER TRAINEE,OFFICER TR
ICICI,JC0387,01-01-1900 00:00:00,A,OPERATION OFFICER,OPERATION
ICICI,JC0388,01-01-1900 00:00:00,A,OPERATIONS AGENT,OPERATIONS
ICICI,JC0389,01-01-1900 00:00:00,A,PART TIME OFFICER,PART TIME
ICICI,JC0390,01-01-1900 00:00:00,A,PRESIDENT & CEO,PRESIDENT
ICICI,JC0391,01-01-1900 00:00:00,A,"PRESIDENT,WEALTH MGMT","PRESIDENT,"
ICICI,JC0392,01-01-1900 00:00:00,A,REGIONAL DEBT MANAGER,REGIONAL D
ICICI,JC0393,01-01-1900 00:00:00,A,REGIONAL HEAD-SALES,REGIONAL H
ICICI,JC0394,01-01-1900 00:00:00,A,REGIONAL HEAD-SEG,REGIONAL H
ICICI,JC0395,01-01-1900 00:00:00,A,REG PORTFOLIO & PROCESS MGR,REG PORTFO
ICICI,JC0396,01-01-1900 00:00:00,A,REGIONAL QLTY & TRAINING MGR,REGIONAL Q
ICICI,JC0397,01-01-1900 00:00:00,A,REGIONAL SALES MANAGER I&S,REGIONAL S
ICICI,JC0398,01-01-1900 00:00:00,A,RELATIONSHIP MGR PROPERTY SER,RELATIONSH
ICICI,JC0399,01-01-1900 00:00:00,A,RELSHIP MGR-INSTITUTIONAL BNK,RELSHIP MG
ICICI,JC0400,01-01-1900 00:00:00,A,RETAINER,RETAINER
ICICI,JC0401,01-01-1900 00:00:00,A,RPC-HEAD,RPC-HEAD
ICICI,JC0402,01-01-1900 00:00:00,A,SALES MANAGER-INVT & SERV,SALES MANA
ICICI,JC0403,01-01-1900 00:00:00,A,SENIOR CLIENT BANKER,SENIOR CLI
ICICI,JC0404,01-01-1900 00:00:00,A,SENIOR CREDIT MANAGER,SENIOR CRE
ICICI,JC0405,01-01-1900 00:00:00,A,SENIOR OFFICER,SENIOR OFF
ICICI,JC0406,01-01-1900 00:00:00,A,SOLUTIONS MANAGER,SOLUTIONS
ICICI,JC0407,01-01-1900 00:00:00,A,SR CORP RELATIONSHIP MANAGER,SR CORP RE
ICICI,JC0408,01-01-1900 00:00:00,A,SENIOR GENERAL MANAGER,SR GENERAL
ICICI,JC0409,01-01-1900 00:00:00,A,"SR MGR, CREDIT & CR COMPLIANCE","SR MGR, CR"
ICICI,JC0410,01-01-1900 00:00:00,A,SR REGIONAL SALES MANAGER,SR REGIONA
ICICI,JC0411,01-01-1900 00:00:00,A,SR VICE PRESIDENT,SR VICE PR
ICICI,JC0412,01-01-1900 00:00:00,A,STAFFING & TRAINING MANAGER,STAFFING &
ICICI,JC0413,01-01-1900 00:00:00,A,TRADE SERVICE ASSISTANT,TRADE SERV
ICICI,JC0414,01-01-1900 00:00:00,A,TRAINEE,TRAINEE
ICICI,JC0415,01-01-1900 00:00:00,A,TRAINEE BANKING ASSISTANT,TRAINEE BA
ICICI,JC0416,01-01-1900 00:00:00,A,TRAINING OFFICER,TRAINING O
ICICI,JC0417,01-01-1900 00:00:00,A,TREASURY DEALER,TREASURY D
ICICI,JC0418,01-01-1900 00:00:00,A,VP & CHIEF RISK OFFICER,VP & CHIEF
ICICI,JC0419,01-01-1900 00:00:00,A,VP - LEGAL & CORP SECRETARY,VP - LEGAL
ICICI,JC0420,01-01-1900 00:00:00,A,VP - RETAIL BANKING & OPS,VP - RETAI
ICICI,JC0421,01-01-1900 00:00:00,A,ZONAL CREDIT HEAD,ZONAL CRED
ICICI,JC0422,01-01-1900 00:00:00,A,ZONAL HEAD - SOUTH,ZONAL HEAD
ICICI,JC0423,01-01-1900 00:00:00,A,DRIVER,DRIVER
ICICI,JC0424,01-01-1900 00:00:00,A,SERVICE STAFF,SERVICE ST
ICICI,JC0425,01-01-1900 00:00:00,A,CLERK,CLERK
ICICI,JC0303,01-01-1900 00:00:00,A,ZONAL BUSINESS HEAD,ZONAL BUSI
ICICI,JC0304,01-01-1900 00:00:00,A,ZONAL BUSINESS MANAGER,ZONAL BUSI
ICICI,JC0305,01-01-1900 00:00:00,A,ZONAL COLLECTION MANAGER,ZONAL COLL
ICICI,JC0306,01-01-1900 00:00:00,A,ZONAL COMPLIANCE MANAGER,ZONAL COMP
ICICI,JC0307,01-01-1900 00:00:00,A,ZONAL CO-ORDINATOR,ZONAL CO-O
ICICI,JC0308,01-01-1900 00:00:00,A,ZONAL CREDIT MANAGER,ZONAL CRED
ICICI,JC0309,01-01-1900 00:00:00,A,ZONAL FULFILLMENT MANAGER,ZONAL FULF
ICICI,JC0310,01-01-1900 00:00:00,A,ZONAL HEAD,ZONAL HEAD
ICICI,JC0311,01-01-1900 00:00:00,A,ZONAL INFRASTRUCTURE MANAGER,ZONAL INFR
ICICI,JC0312,01-01-1900 00:00:00,A,ZONAL LOCATIONS MANAGER,ZONAL LOCA
ICICI,JC0313,01-01-1900 00:00:00,A,ZONAL MANAGER,ZONAL MANA
ICICI,JC0314,01-01-1900 00:00:00,A,ZONAL MARKETING MANAGER,ZONAL MARK
ICICI,JC0315,01-01-1900 00:00:00,A,ZONAL OPERATIONS MANAGER,ZONAL OPER
ICICI,JC0316,01-01-1900 00:00:00,A,ZONAL PRODUCT & PROCESS MGR,ZONAL PROD
ICICI,JC0317,01-01-1900 00:00:00,A,ZONAL PROJECT TL,ZONAL PROJ
ICICI,JC0318,01-01-1900 00:00:00,A,ZONAL RISK MANAGER,ZONAL RISK
ICICI,JC0319,01-01-1900 00:00:00,A,ZONAL SALES MANAGER,ZONAL SALE
ICICI,JC0320,01-01-1900 00:00:00,A,ZONAL SALES OFFICER,ZONAL SALE
ICICI,JC0321,01-01-1900 00:00:00,A,ZONAL TECHNICAL MANAGER,ZONAL TECH
ICICI,JC0322,01-01-1900 00:00:00,A,ZONAL TRAINING MANAGER,ZONAL TRAI
ICICI,JC0323,01-01-1900 00:00:00,A,COMMUNICATION MANAGER,COMMUNICAT
ICICI,JC0324,01-01-1900 00:00:00,A,AREA MANAGER-SALES & SERVICE,AREA MANAG
ICICI,JC0240,01-01-1900 00:00:00,A,RURAL TRAINING & CUST SERVICE,RURAL TRAI
ICICI,JC0241,01-01-1900 00:00:00,A,SALES ADMINISTRATOR,SALES ADMI
ICICI,JC0263,01-01-1900 00:00:00,A,SOLUTION MANAGER,SOLUTION M
ICICI,JC0264,01-01-1900 00:00:00,A,SOLUTION MANAGER,SOLUTION M
ICICI,JC0265,01-01-1900 00:00:00,A,SR ORGN EXCELLENCE MANAGER,SR ORGN EX
ICICI,JC0266,01-01-1900 00:00:00,A,STATE COORDINATOR,STATE COOR
ICICI,JC0267,01-01-1900 00:00:00,A,STRATEGY MANAGER,STRATEGY M
ICICI,JC0268,01-01-1900 00:00:00,A,STRUCTURING MANAGER,STRUCTURIN
ICICI,JC0269,01-01-1900 00:00:00,A,SUPPORT OFFICER,SUPPORT OF
ICICI,JC0270,01-01-1900 00:00:00,A,SYSTEM ADMINISTRATOR,SYSTEM ADM
ICICI,JC0186,01-01-1900 00:00:00,A,OPERATIONS OFFICER,OPERATIONS
ICICI,JC0187,01-01-1900 00:00:00,A,PHONE BANKING OFFICER,PHONE BANK
ICICI,JC0188,01-01-1900 00:00:00,A,POLICY HEAD,POLICY HEA
ICICI,JC0189,01-01-1900 00:00:00,A,POLICY MANAGER,POLICY MAN
ICICI,JC0190,01-01-1900 00:00:00,A,PORTFOLIO MANAGER,PORTFOLIO
ICICI,JC0191,01-01-1900 00:00:00,A,PROCESS & COMPLIANCE MANAGER,PROCESS &
ICICI,JC0192,01-01-1900 00:00:00,A,PROCESS HEAD,PROCESS HE
ICICI,JC0193,01-01-1900 00:00:00,A,PROCESS MANAGER,PROCESS MA
ICICI,JC0194,01-01-1900 00:00:00,A,PROCESS OFFICER,PROCESS OF
ICICI,JC0195,01-01-1900 00:00:00,A,PRODUCT & PROCESS MANAGER,PRODUCT &
ICICI,JC0196,01-01-1900 00:00:00,A,PRODUCT HEAD,PRODUCT HE
ICICI,JC0197,01-01-1900 00:00:00,A,PRODUCT MANAGER,PRODUCT MA
ICICI,JC0198,01-01-1900 00:00:00,A,PRODUCT RISK HEAD,PRODUCT RI
ICICI,JC0199,01-01-1900 00:00:00,A,PRODUCT RISK MANAGER,PRODUCT RI
ICICI,JC0200,01-01-1900 00:00:00,A,PRODUCT SALES MANAGER,PRODUCT SA
ICICI,JC0201,01-01-1900 00:00:00,A,PRODUCT SUPPORT MANAGER,PRODUCT SU
ICICI,JC0202,01-01-1900 00:00:00,A,PRODUCT TRAINING MANAGER,PRODUCT TR
ICICI,JC0203,01-01-1900 00:00:00,A,PROGRAM MANAGER,PROGRAM MA
ICICI,JC0204,01-01-1900 00:00:00,A,PROGRAMS OFFICER,PROGRAMS O
ICICI,JC0205,01-01-1900 00:00:00,A,PROJECT MANAGER,PROJECT MA
ICICI,JC0206,01-01-1900 00:00:00,A,QUALITY ANALYST,QUALITY AN
ICICI,JC0207,01-01-1900 00:00:00,A,QUALITY CONTROL MANAGER,QUALITY CO
ICICI,JC0208,01-01-1900 00:00:00,A,QUALITY MANAGER,QUALITY MA
ICICI,JC0209,01-01-1900 00:00:00,A,QUALITY OFFICER,QUALITY OF
ICICI,JC0210,01-01-1900 00:00:00,A,RECEPTIONIST,RECEPTIONI
ICICI,JC0211,01-01-1900 00:00:00,A,RECON MANAGER,RECON MANA
ICICI,JC0213,01-01-1900 00:00:00,A,REGIONAL AUDIT MANAGER,REGIONAL A
ICICI,JC0214,01-01-1900 00:00:00,A,REGIONAL BUSINESS DEV MGR,REGIONAL B
ICICI,JC0215,01-01-1900 00:00:00,A,REGIONAL BUSINESS HEAD,REGIONAL B
ICICI,JC0216,01-01-1900 00:00:00,A,REGIONAL CHANNEL MANAGER,REGIONAL C
ICICI,JC0217,01-01-1900 00:00:00,A,REGIONAL COLLECTION MANAGER,REGIONAL C
ICICI,JC0461,01-01-1900 00:00:00,A,STRATEGIC INITIATIVE,STRGIC INT
ICICI,JC0462,01-01-1900 00:00:00,A,TEAM LEADER- ROPS CHENNAI,TL ROPS CH
ICICI,JC0463,01-01-1900 00:00:00,A,TEAM LEADER- ROPS DELHI,TL ROPSDEL
ICICI,JC0464,01-01-1900 00:00:00,A,TEAM LEADER- ROPS MUMBAI,TL ROPS
ICICI,JC0465,01-01-1900 00:00:00,A,TEAM LEADER-ACCOUNTS,TL AC
ICICI,JC0466,01-01-1900 00:00:00,A,TEAM LEADER-ACCOUNTS/SECU,TL ACSEC
ICICI,JC0475,01-01-1900 00:00:00,A,TEAM LEADER-STRATEGIC INITV,TL STRAGIC
ICICI,JC0467,01-01-1900 00:00:00,A,TEAMLEADER-BRANCH CENTRAL TEAM,TL BR CENT
ICICI,JC0469,01-01-1900 00:00:00,A,TEAM LEADER-IC/AUDIT,TL ICAUDIT
ICICI,JC0474,01-01-1900 00:00:00,A,TEAM LEADER-REPAYMENTS/DMA,TL REPYMET
ICICI,JC0473,01-01-1900 00:00:00,A,TEAM LEADER-PROJECT,TL PROJECT
ICICI,JC0472,01-01-1900 00:00:00,A,TEAM LEADER-OD/CRF/DF/LAS,TL OD/CRF
ICICI,JC0476,01-01-1900 00:00:00,A,DEPUTY MANAGING DIRECTOR,DMD
ICICI,JC0477,01-01-1900 00:00:00,A,EXECUTIVE DIRECTOR & CFO,ED&CFO
ICICI,JC0480,01-01-1900 00:00:00,A,BRANCH MANAGER-COMMERCIAL,BRANCH MAN
ICICI,JC0444,01-01-1900 00:00:00,A,FCC AUDIT,FCC AUDIT
ICICI,JC0447,01-01-1900 00:00:00,A,FCC MIS,FCC MIS
ICICI,JC0460,01-01-1900 00:00:00,A,ROPS RECORD MANAGEMENT,ROPS MGT
ICICI,JC0483,01-01-1900 00:00:00,A,RH-RETAIL & BUSINESS BANKING,RH-RETAIL
ICICI,JC0485,01-01-1900 00:00:00,A,REGIONAL HEAD SALES - FEE,REGIONAL H
ICICI,JC0487,01-01-1900 00:00:00,A,SALES MANAGER - FEE,SALES MANA
ICICI,JC0488,01-01-1900 00:00:00,A,SENIOR BRANCH HEAD,SENIOR BRA
ICICI,JC0490,01-01-1900 00:00:00,A,GROUP PRODUCT HEAD,GROUP PROD
ICICI,JC0492,01-01-1900 00:00:00,A,REGIONAL PRODUCT MANAGER,REGIONAL P
ICICI,JC0493,01-01-1900 00:00:00,A,REGIONAL PRODUCT MGR - CA,Regional P
ICICI,JC0494,01-01-1900 00:00:00,A,REGIONAL PRODUCT MGR - SA,Regional P
ICICI,JC0495,01-01-1900 00:00:00,A,REGIONAL PRODUCT MGR - CASA,REGIONAL P
ICICI,JC0497,01-01-1900 00:00:00,A,REGIONAL PRODUCT MGR - SA & HH,REGIONAL P
ICICI,JC0498,01-01-1900 00:00:00,A,REGIONAL PRODUCT MGR-CASA & HH,REGIONAL P
ICICI,JC0499,01-01-1900 00:00:00,A,REGIONAL PRODUCT MGR-DEPOSITS,REGIONAL P
ICICI,JC0500,01-01-1900 00:00:00,A,REGIONAL PRODUCT MGR - I&S,REGIONAL P
ICICI,JC0501,01-01-1900 00:00:00,A,REGNL PRODUCT MGR - I&S WEALTH,REGNL PROD
ICICI,JC0502,01-01-1900 00:00:00,A,REGIONAL PRODUCT MGR - HH,REGIONAL P
ICICI,JC0471,01-01-1900 00:00:00,A,TEAM LEADER-IPDCF/ROPS,TL IPDCF
ICICI,JC0503,01-01-1900 00:00:00,A,REGIONAL PRODUCT MGR-HH & NRI,REGIONAL P
ICICI,JC0504,01-01-1900 00:00:00,A,REGIONAL PRODUCT MGR - FEE,REGIONAL P
ICICI,JC0505,01-01-1900 00:00:00,A,REGIONAL PRODUCT MGR-FEE & NRI,REGIONAL P
ICICI,JC0506,01-01-1900 00:00:00,A,REGIONAL PRODUCT MGR - NRI,REGIONAL P
ICICI,JC0507,01-01-1900 00:00:00,A,SALES MANAGER - CA,SALES MANA
ICICI,JC0509,01-01-1900 00:00:00,A,BRANCH SALES MGR - CASA,BRANCH SAL
ICICI,JC0510,01-01-1900 00:00:00,A,BRANCH SALES MGR - CA & HH,BRANCH SAL
ICICI,JC0511,01-01-1900 00:00:00,A,BRANCH SALES MGR - SA & HH,BRANCH SAL
ICICI,JC0512,01-01-1900 00:00:00,A,BRANCH SALES MGR - CASA & HH,BRANCH SAL
ICICI,JC0513,01-01-1900 00:00:00,A,BRANCH SALES MGR - FEE,BRANCH SAL
ICICI,JC0515,01-01-1900 00:00:00,A,BRANCH SALES MGR - I & S,BRANCH SAL
ICICI,JC0516,01-01-1900 00:00:00,A,BRANCH SALES MGR - HH,BRANCH SAL
ICICI,JC0518,01-01-1900 00:00:00,A,"BRANCH SALES MGR-HH, CA & FEE",BRANCH SAL
ICICI,JC0429,01-01-1900 00:00:00,A,BRANCH CENTRAL TEAM,BR CENTRAL
ICICI,JC0435,01-01-1900 00:00:00,A,COPS LAS,COPS LAS
ICICI,JC0482,01-01-1900 00:00:00,A,PREMIER WEALTH MANAGER,PREMIER WE
ICICI,JC0486,01-01-1900 00:00:00,A,SALES MANAGER - DEPOSITS,SALES MANA
ICICI,JC0524,01-01-1900 00:00:00,A,BRANCH SALES MGR - TASC,BRANCH SAL
ICICI,JC0525,01-01-1900 00:00:00,A,BRANCH SALES MGR-SALARY & TASC,BRANCH SAL
ICICI,JC0526,01-01-1900 00:00:00,A,BRANCH SALES MGR - HVST,BRANCH SAL
ICICI,JC0528,01-01-1900 00:00:00,A,MD & CEO - ICICI BANK UK PLC,MD & CEO -
ICICI,JC0529,01-01-1900 00:00:00,A,JUNIOR OFFICER,JUNIOR OFF
ICICI,JC0530,01-01-1900 00:00:00,A,IT HEAD,IT HEAD
ICICI,JC0532,01-01-1900 00:00:00,A,CMR HEAD,CMR HEAD
ICICI,JC0533,01-01-1900 00:00:00,A,MD & CEO - IHFC,MD & CEO -
ICICI,JC0535,01-01-1900 00:00:00,A,REGIONAL HEAD - RETAIL,REGIONAL H
ICICI,JC0536,01-01-1900 00:00:00,A,REGIONAL HEAD - WEALTH,REGIONAL H
ICICI,JC0537,01-01-1900 00:00:00,A,REGIONAL HEAD - MORTGAGE,REGIONAL H
ICICI,JC0538,01-01-1900 00:00:00,A,REGIONAL HEAD - SALARY & TASC,REGIONAL H
ICICI,JC0539,01-01-1900 00:00:00,A,REGIONAL HEAD - ASSETS,REGIONAL H
ICICI,JC0542,01-01-1900 00:00:00,A,PRIVILEGE BANKER,PRIVILEGE
ICICI,JC0433,01-01-1900 00:00:00,A,COPS DMA,COPS DMA
ICICI,JC0451,01-01-1900 00:00:00,A,IPDCF OTHERS,IPDCF OTHE
ICICI,JC0470,01-01-1900 00:00:00,A,TEAM LEADER-IPDCF,TL IPDCF
ICICI,JC0478,01-01-1900 00:00:00,A,CHAIRMAN,CHAIRMAN
ICICI,JC0517,01-01-1900 00:00:00,A,BRANCH SALES MGR - HH & FEE,BRANCH SAL
ICICI,JC0531,01-01-1900 00:00:00,A,CHIEF DEALER,CHIEF DEAL
ICICI,JC0544,01-01-1900 00:00:00,A,BRANCH ASSISTANT,BRANCH ASS
ICICI,JC0546,01-01-1900 00:00:00,A,CLUSTER BR MGR - WEALTH BRANCH,CLUSTER BR
ICICI,JC0547,01-01-1900 00:00:00,A,DEPUTY BR MGR - WEALTH BRANCH,DEPUTY BRA
ICICI,JC0548,01-01-1900 00:00:00,A,BRANCH ASSESSOR,BRANCH ASS
ICICI,JC0551,01-01-1900 00:00:00,A,DEMAT DESK OFFICER,DEMAT DESK
ICICI,JC0552,01-01-1900 00:00:00,A,HEAD OF INTERNATIONAL BANKING,HEAD OF IN
ICICI,JC0555,01-01-1900 00:00:00,A,Sales Officer - MFA,Sales-MFA
ICICI,JC0556,01-01-1900 00:00:00,A,GROUP EXECUTIVE - WBG,GROUP EXEC
ICICI,JC0557,01-01-1900 00:00:00,A,BRANCH SALES MANAGER- MORTGAGE,BRANCH SAL
ICICI,JC0558,01-01-1900 00:00:00,A,ZONAL PRODUCT HEAD - ASSETS,ZONAL PROD
ICICI,JC0434,01-01-1900 00:00:00,A,COPS FINACLE,COPS FINCL
ICICI,JC0468,01-01-1900 00:00:00,A,TEAM LEADER-FCC,TL FCC
ICICI,JC0484,01-01-1900 00:00:00,A,REGIONAL HEAD SALES - DEPOSITS,REGIONAL H
ICICI,JC0489,01-01-1900 00:00:00,A,MD & CEO - DEPUTATION,MD & CEO -
ICICI,JC0496,01-01-1900 00:00:00,A,REGIONAL PRODUCT MGR - CA & HH,REGIONAL P
ICICI,JC0520,01-01-1900 00:00:00,A,BRANCH SALES MGR - SA & FEE,BRANCH SAL
ICICI,JC0545,01-01-1900 00:00:00,A,BRANCH MANAGER - WEALTH BRANCH,BRANCH MAN
ICICI,JC0553,01-01-1900 00:00:00,A,SALES OFFICER - ASSETS,SALES OFFI
ICICI,JC0554,01-01-1900 00:00:00,A,SALES OFFICER - MORTGAGE,SALES OFFI
ICICI,JC0559,01-01-1900 00:00:00,A,ZONAL PRODUCT HEAD - MORTGAGE,ZONAL PROD
ICICI,JC0560,01-01-1900 00:00:00,A,RETAIL BUSINESS HEAD,RETAIL BUS
ICICI,JC0562,01-01-1900 00:00:00,A,REGIONAL HEAD SALES - MORTGAGE,REGIONAL H
ICICI,JC0563,01-01-1900 00:00:00,A,RELATIONSHIP OFFICER - MORTGAG,RELATIONSH
ICICI,JC0600,01-01-1900 00:00:00,A,SENIOR LEGAL ADVISOR,SR LEGAL
ICICI,JC0564,01-01-1900 00:00:00,A,BM - DESIGNATE,BM - DESIG
ICICI,JC0566,01-01-1990 00:00:00,A,BRANCH SALES MANAGER - AUTO,BSM-AUTO
ICICI,JC0567,01-01-1990 00:00:00,A,BRANCH SALES MANAGER - CV-CE,BSM-CVCE
ICICI,JC0568,01-01-1990 00:00:00,A,BRANCH SALES MANAGER - JEWEL L,BSM-JL
ICICI,JC0095,01-01-1900 00:00:00,A,CUSTOMER SERVICE MANAGER,CUSTOMER S
ICICI,JC0096,01-01-1900 00:00:00,A,CUSTOMER SERVICE OFFICER,CUSTOMER S
ICICI,JC0097,01-01-1900 00:00:00,A,DAT,DAT
ICICI,JC0098,01-01-1900 00:00:00,A,DEALER,DEALER
ICICI,JC0099,01-01-1900 00:00:00,A,DEPUTY BRANCH MANAGER,DEPUTY BRA
ICICI,JC0100,01-01-1900 00:00:00,A,DEPUTY ZONAL MANAGER,DEPUTY ZON
ICICI,JC0101,01-01-1900 00:00:00,A,DERIVATIVE RESEARCH MANAGER,DERIVATIVE
ICICI,JC0102,01-01-1900 00:00:00,A,DY BRANCH OPERATIONS MANAGER,DY BRANCH
ICICI,JC0103,01-01-1900 00:00:00,A,ECONOMIST,ECONOMIST
ICICI,JC0104,01-01-1900 00:00:00,A,EXECUTIVE ASSISTANT,EXECUTIVE
ICICI,JC0105,01-01-1900 00:00:00,A,EXECUTIVE DIRECTOR,EXECUTIVE
ICICI,JC0106,01-01-1900 00:00:00,A,EXECUTIVE SECRETARY,EXECUTIVE
ICICI,JC0107,01-01-1900 00:00:00,A,EXECUTIVE TRAINEE,EXECUTIVE
ICICI,JC0108,01-01-1900 00:00:00,A,EXTERNAL COMMUNICATION MANAGER,EXTERNAL C
ICICI,JC0109,01-01-1900 00:00:00,A,FI MANAGER,FI MANAGER
ICICI,JC0110,01-01-1900 00:00:00,A,FINANCE EXECUTIVE,FINANCE EX
ICICI,JC0111,01-01-1900 00:00:00,A,FINANCE OFFICER,FINANCE OF
ICICI,JC0112,01-01-1900 00:00:00,A,FRAUD MANAGER,FRAUD MANA
ICICI,JC0113,01-01-1900 00:00:00,A,FULFILLMENT MANAGER,FULFILLMEN
ICICI,JC0114,01-01-1900 00:00:00,A,FUNCTIONAL TRAINING MANAGER,FUNCTIONAL
ICICI,JC0115,01-01-1900 00:00:00,A,GLOBAL STRATEGY & COMM OFFICER,GLOBAL STR
ICICI,JC0116,01-01-1900 00:00:00,A,GROUP BUSINESS HEAD,GROUP BUSI
ICICI,JC0117,01-01-1900 00:00:00,A,GROUP CHIEF OFFICER,GROUP CHIE
ICICI,JC0118,01-01-1900 00:00:00,A,GROUP HEAD,GROUP HEAD
ICICI,JC0119,01-01-1900 00:00:00,A,HEAD OF DEPARTMENT,HEAD OF DE
ICICI,JC0120,01-01-1900 00:00:00,A,HEAD TRADING,HEAD TRADI
ICICI,JC0121,01-01-1900 00:00:00,A,HINSIGHTING MANAGER,HINSIGHTIN
ICICI,JC0122,01-01-1900 00:00:00,A,HOME SEARCH MANAGER,HOME SEARC
ICICI,JC0123,01-01-1900 00:00:00,A,HR MANAGER,HR MANAGER
ICICI,JC0124,01-01-1900 00:00:00,A,HR TRAINING MANAGER,HR TRAININ
ICICI,JC0125,01-01-1900 00:00:00,A,INFOSEC ANALYST,INFOSEC AN
ICICI,JC0126,01-01-1900 00:00:00,A,INFOSEC METRICS MANAGER,INFOSEC ME
ICICI,JC0127,01-01-1900 00:00:00,A,INFOSEC RISK MANAGER,INFOSEC RI
ICICI,JC0128,01-01-1900 00:00:00,A,INFOSEC STRATEGY AND ARCH MGR,INFOSEC ST
ICICI,JC0129,01-01-1900 00:00:00,A,INFRASTRUCTURE MANAGER,INFRASTRUC
ICICI,JC0130,01-01-1900 00:00:00,A,INFRASTRUCTURE OFFICER,INFRASTRUC
ICICI,JC0131,01-01-1900 00:00:00,A,ICMC HEAD,ICMC HEAD
ICICI,JC0132,01-01-1900 00:00:00,A,INTERNAL COMMUNICATION MANAGER,INTERNAL C
ICICI,JC0133,01-01-1900 00:00:00,A,INTERNAL COMMUNICATIONS HEAD,INTERNAL C
ICICI,JC0134,01-01-1900 00:00:00,A,INVENTORY FUNDING MANAGER,INVENTORY
ICICI,JC0135,01-01-1900 00:00:00,A,IT COORDINATOR,IT COORDIN
ICICI,JC0136,01-01-1900 00:00:00,A,JEWEL LOAN TEAM,JEWEL LOAN
ICICI,JC0137,01-01-1900 00:00:00,A,JOINT GROUP CLUSTER HEAD,JOINT GROU
ICICI,JC0138,01-01-1900 00:00:00,A,JT MANAGING DIRECTOR,JT MANAGIN
ICICI,JC0139,01-01-1900 00:00:00,A,JT MANAGING DIRECTOR & CFO,JT MANAGIN
ICICI,JC0140,01-01-1900 00:00:00,A,KEY ACCOUNTS MANAGER,KEY ACCOUN
ICICI,JC0141,01-01-1900 00:00:00,A,KEY RELATIONSHIP MANAGER,KEY RELATI
ICICI,JC0142,01-01-1900 00:00:00,A,KEY WEALTH MANAGER,KEY WEALTH
ICICI,JC0143,01-01-1900 00:00:00,A,KNOWLEDGE MANAGER,KNOWLEDGE
ICICI,JC0144,01-01-1900 00:00:00,A,LEGAL COLLECTION MANAGER,LEGAL COLL
ICICI,JC0145,01-01-1900 00:00:00,A,LEGAL MANAGER,LEGAL MANA
ICICI,JC0146,01-01-1900 00:00:00,A,LEGAL OFFICER,LEGAL OFFI
ICICI,JC0147,01-01-1900 00:00:00,A,LIFE INSURANCE MANAGER,LIFE INSUR
ICICI,JC0148,01-01-1900 00:00:00,A,LOCATION COLL CALL CENTRE MGR,LOCATION C
ICICI,JC0149,01-01-1900 00:00:00,A,LOCATION HEAD,LOCATION H
ICICI,JC0150,01-01-1900 00:00:00,A,LOCATION MANAGER,LOCATION M
ICICI,JC0151,01-01-1900 00:00:00,A,MANAGER - ALM,MANAGER -
ICICI,JC0152,01-01-1900 00:00:00,A,MANAGER - AML,MANAGER -
ICICI,JC0153,01-01-1900 00:00:00,A,MANAGER - MONEY MARKET TEAM,MANAGER -
ICICI,JC0154,01-01-1900 00:00:00,A,Manager - Social Initiatives,Manager -
ICICI,JC0155,01-01-1900 00:00:00,A,MANAGER PROTOCOL/FACILITIES,MANAGER PR
ICICI,JC0282,01-01-1900 00:00:00,A,TECHNOLOGY TEAM MEMBER,TECHNOLOGY
ICICI,JC0283,01-01-1900 00:00:00,A,TERRITORY COLLECTION MANAGER,TERRITORY
ICICI,JC0284,01-01-1900 00:00:00,A,TERRITORY MANAGER,TERRITORY
ICICI,JC0285,01-01-1900 00:00:00,A,TRADE DESK OFFICER,TRADE DESK
ICICI,JC0286,01-01-1900 00:00:00,A,TRANING MANAGER,TRANING MA
ICICI,JC0287,01-01-1900 00:00:00,A,TREASURY COMPLIANCE MANAGER,TREASURY C
ICICI,JC0288,01-01-1900 00:00:00,A,TREASURY CONTROL & ACCT MGR,TREASURY C
ICICI,JC0289,01-01-1900 00:00:00,A,TREASURY LIMITS MANAGER,TREASURY L
ICICI,JC0290,01-01-1900 00:00:00,A,TREASURY OPERATIONS MANAGER,TREASURY O
ICICI,JC0291,01-01-1900 00:00:00,A,TREASURY OPERATIONS RISK MGR,TREASURY O
ICICI,JC0292,01-01-1900 00:00:00,A,TREASURY PRODUCT MANAGER,TREASURY P
ICICI,JC0293,01-01-1900 00:00:00,A,TREASURY PRODUCT OFFICER,TREASURY P
ICICI,JC0294,01-01-1900 00:00:00,A,UNDERWRITING HEAD,UNDERWRITI
ICICI,JC0295,01-01-1900 00:00:00,A,UNDERWRITING MANAGER,UNDERWRITI
ICICI,JC0296,01-01-1900 00:00:00,A,UNIT HEAD,UNIT HEAD
ICICI,JC0297,01-01-1900 00:00:00,A,UNIT MANAGER,UNIT MANAG
ICICI,JC0298,01-01-1900 00:00:00,A,VENDOR SUPPORT MANAGER,VENDOR SUP
ICICI,JC0299,01-01-1900 00:00:00,A,VERIFIER,VERIFIER
ICICI,JC0300,01-01-1900 00:00:00,A,VERTICAL BUSINESS HEAD,VERTICAL B
ICICI,JC0301,01-01-1900 00:00:00,A,VERTICAL HEAD,VERTICAL H
ICICI,JC0158,01-01-1900 00:00:00,A,MARKETING MANAGER,MARKETING
ICICI,JC0159,01-01-1900 00:00:00,A,MD & CEO,MD & CEO
ICICI,JC0160,01-01-1900 00:00:00,A,MIS MANAGER,MIS MANAGE
ICICI,JC0161,01-01-1900 00:00:00,A,MIS OFFICER,MIS OFFICE
ICICI,JC0162,01-01-1900 00:00:00,A,NATION PRODUCT HEAD,NATION PRO
ICICI,JC0163,01-01-1900 00:00:00,A,NATIONAL BRANCH HEAD,NATIONAL B
ICICI,JC0164,01-01-1900 00:00:00,A,NATIONAL COLLECTION MANAGER,NATIONAL C
ICICI,JC0165,01-01-1900 00:00:00,A,NATIONAL COMPLIANCE MANAGER,NATIONAL C
ICICI,JC0166,01-01-1900 00:00:00,A,NATIONAL COORDINATOR,NATIONAL C
ICICI,JC0167,01-01-1900 00:00:00,A,NATIONAL CREDIT HEAD,NATIONAL C
ICICI,JC0168,01-01-1900 00:00:00,A,NATIONAL CREDIT MANAGER,NATIONAL C
ICICI,JC0169,01-01-1900 00:00:00,A,NATIONAL HEAD,NATIONAL H
ICICI,JC0170,01-01-1900 00:00:00,A,NATIONAL HEAD SELF AUDIT,NATIONAL H
ICICI,JC0171,01-01-1900 00:00:00,A,NATIONAL MANAGER,NATIONAL M
ICICI,JC0172,01-01-1900 00:00:00,A,NATIONAL PRODUCT MANAGER,NATIONAL P
ICICI,JC0173,01-01-1900 00:00:00,A,NATIONAL RISK MANAGER,NATIONAL R
ICICI,JC0174,01-01-1900 00:00:00,A,NATIONAL SALES HEAD,NATIONAL S
ICICI,JC0156,01-01-1900 00:00:00,A,Manager R&M,Manager R&
ICICI,JC0157,01-01-1900 00:00:00,A,MANAGER SERVICES,MANAGER SE
ICICI,JC0175,01-01-1900 00:00:00,A,NATIONAL SALES MANAGER,NATIONAL S
ICICI,JC0176,01-01-1900 00:00:00,A,NATIONAL TRAINING MANAGER,NATIONAL T
ICICI,JC0177,01-01-1900 00:00:00,A,OFFICER CORE TEAM,OFFICER CO
ICICI,JC0355,01-01-1900 00:00:00,A,EXECUTIVE,EXECUTIVE
ICICI,JC0356,01-01-1900 00:00:00,A,GENERAL MANAGER,GENERAL MA
ICICI,JC0357,01-01-1900 00:00:00,A,HEAD OF COMPLIANCE,HEAD COM
ICICI,JC0358,01-01-1900 00:00:00,A,HEAD - QUALITY AND PROCESS,HEAD - QUA
ICICI,JC0359,01-01-1900 00:00:00,A,HEAD SALES & DISTRIBUTION,HEAD SALES
ICICI,JC0360,01-01-1900 00:00:00,A,HEAD-ICMC,HEAD-ICMC
ICICI,JC0361,01-01-1900 00:00:00,A,HEAD-RETAIL,HEAD-RETAI
ICICI,JC0362,01-01-1900 00:00:00,A,HEAD-RETAIL & PRIVATE BANKING,HEAD-RETAI
ICICI,JC0363,01-01-1900 00:00:00,A,IBG OVERSEAS,IBG OVERSE
ICICI,JC0364,01-01-1900 00:00:00,A,INVESTMENT AND SERVICES MGR,INVESTMENT
ICICI,JC0365,01-01-1900 00:00:00,A,JOINT GENERAL MANAGER,JT GENERAL
ICICI,JC0366,01-01-1900 00:00:00,A,LI MANAGER,LI MANAGER
ICICI,JC0238,01-01-1900 00:00:00,A,RURAL AGRI DESK MANAGER,RURAL AGRI
ICICI,JC0239,01-01-1900 00:00:00,A,RURAL PRODUCT POLICY ANALYST,RURAL PROD
ICICI,JC0426,01-01-1900 00:00:00,A,PROBATIONARY OFFICER,PROBATIONA
ICICI,JC0427,01-01-1900 00:00:00,A,HEAD-PRIVATE EQUITY,HEAD-PRIVA
ICICI,JC0428,01-01-1900 00:00:00,A,AREA DEBT MANAGER,AREADEBT
ICICI,JC0454,01-01-1900 00:00:00,A,REGIONAL OPERATION MANAGER,REG OP MGR
ICICI,JC0430,01-01-1900 00:00:00,A,BRANCH ZONAL FPR,BR ZONALFP
ICICI,JC0431,01-01-1900 00:00:00,A,COMPLIANCE & MIS MANAGER,COMP MIS
ICICI,JC0766,01-01-1900 00:00:00,A,REGIONAL HEAD SALES - CA,REGIONAL H
ICICI,JC0765,01-01-1900 00:00:00,A,ADVISOR - FINACLE MIGRATION,ADVISOR -
ICICI,JC0521,01-01-1900 00:00:00,A,BRANCH SALES MGR - CA & FEE,BRANCH SAL
ICICI,JC0577,01-01-1900 00:00:00,A,HEAD - FINANCE (BAHRAIN),HEAD - FIN
ICICI,JC0608,01-01-1900 00:00:00,A,HEAD CREDIT,HEAD CREDI
ICICI,JC0611,01-01-1900 00:00:00,A,REGIONAL HEAD-RIBG BRANCH,REGIONAL H
ICICI,JC0652,01-01-1900 00:00:00,A,PRODUCT HEAD - RURAL VEHICLE,PRODUCT HE
ICICI,JC0674,01-01-1900 00:00:00,A,BUSINESS BANKING SPECIALIST,BUSINESS B
ICICI,JC0675,01-01-1900 00:00:00,A,RELATIONSHIP MANAGER - WEALTH,RELATIONSH
ICICI,JC0683,01-01-1900 00:00:00,A,ZONAL DEBT MANAGER,ZONAL DEBT
ICICI,JC0684,01-01-1900 00:00:00,A,CHIEF INVESTMENT OFFICER,CHIEF INVE
ICICI,JC0686,01-01-1900 00:00:00,A,ASSOCIATE VICE PRESIDENT,ASSOCIATE
ICICI,JC0689,01-01-1900 00:00:00,A,ANALYST,ANALYST
ICICI,JC0713,01-01-1900 00:00:00,A,RELATIONSHIP MGR - SALARY NCA,RE_M_SA_NC
ICICI,JC0731,01-01-1900 00:00:00,A,STATE HEAD,STATE HEAD
ICICI,JC0732,01-01-1900 00:00:00,A,SCRUTINIZER,SCRUTINIZE
ICICI,JC0777,01-01-1900 00:00:00,A,SOLUTION MANAGER-EC-RBC,SOLUTION M
ICICI,JC0778,01-01-1900 00:00:00,A,REGIONAL RISK MANAGER-RIB,RRM
ICICI,JC0782,01-01-1900 00:00:00,A,PROJECT SALES OFFICERS,PROJECT SA
ICICI,JC0783,01-01-1900 00:00:00,A,ER Manager,ER Manager
ICICI,JC0789,01-01-1900 00:00:00,A,Head Corporate Banking Bahrain,HeadCorpBh
ICICI,JC0790,01-01-1900 00:00:00,A,SALES OFFICER - CASA INBOUND,SALES OFFI
ICICI,JC0791,01-01-1900 00:00:00,A,PROJECT SALES OFFICERS - FF,PROJECT SA
ICICI,JC0798,01-01-1900 00:00:00,A,EXECUTIVE DIRECTOR (DESIGNATE),EDD
ICICI,JC0799,01-01-1900 00:00:00,A,ED Equivalent,EDE
ICICI,JC0800,01-01-1900 00:00:00,A,"PRESIDENT, ICICI FOUNDATION",PIF
ICICI,JC0801,01-01-1900 00:00:00,A,RURAL BUSINESS HEAD,RBH
ICICI,JC0900,01-01-1900 00:00:00,A,ZONAL HEAD - TASC & GBG,Zonal Head
ICICI,JC0901,01-01-1900 00:00:00,A,PRODUCT HEAD - TASC & GBG,Product he
ICICI,JC0904,01-01-1900 00:00:00,A,REGIONAL HEAD - PSL,REGIONAL H
ICICI,JC0902,01-01-1900 00:00:00,A,REGIONAL HEAD - KEY RELATIONS,REGIONAL H
ICICI,JC0903,01-01-1900 00:00:00,A,REGIONAL HEAD - INST RELATIONS,REGIONAL H
ICICI,JC0906,01-01-1900 00:00:00,A,SOLUTION MANAGER - FF,SOLUTION M
ICICI,JC0905,01-01-1900 00:00:00,A,DAIRY OFFICER,DAIRY OFFI
ICICI,JC0907,01-01-1900 00:00:00,A,INVESTMENT MANAGER-PB,INVESTMENT
ICICI,JC0774,01-01-1900 00:00:00,A,REGIONAL HEAD SALES-EC-CBF,REGIONAL H
ICICI,JC0775,01-01-1900 00:00:00,A,REGIONAL HEAD SALES-EC-RBC,REGIONAL H
ICICI,JC0908,01-01-1900 00:00:00,A,SALES MANAGER-IR,SALES MANA
ICICI,JC0909,01-01-1900 00:00:00,A,RELATIONSHIP MANAGER-KR,RELATIONSH
ICICI,JC0910,01-01-1900 00:00:00,A,SOLUTION MANAGER-IR,SOLUTION M
ICICI,JC0911,01-01-1900 00:00:00,A,RELATIONSHIP OFFICER-IR,RELATIONSH
ICICI,JC0912,01-01-1900 00:00:00,A,REGIONAL HEAD SALES- IR,REGIONAL H
ICICI,JC0913,01-01-1900 00:00:00,A,REGIONAL HEAD SALES -KR,REGIONAL H
ICICI,JC0914,01-01-1900 00:00:00,A,RELATIONSHIP MANAGER-IR,RELATIONSH
ICICI,JC0915,01-01-1900 00:00:00,A,REGIONAL TECHNICAL MANAGER,REGIONAL T
ICICI,JC0802,01-01-1900 00:00:00,A,"HEAD OPERATIONS,IT& FACILITIES",HO-IT&FACI
ICICI,JC0916,01-01-1900 00:00:00,A,PRIVILEGE BANKER - CA,PRIVILEGE
ICICI,JC0803,01-01-1900 00:00:00,A,Head Corporate Banking-(Desg),HCB-Desg
ICICI,JC0917,01-01-1900 00:00:00,A,REGIONAL HEAD SALES JL AND LAS,REGIONAL H
ICICI,JC0805,01-01-1900 00:00:00,A,ER Manager + BHR Role,ER+BHR
ICICI,JC0919,01-01-1900 00:00:00,A,SENIOR PRODUCT HEAD,SENIOR PRO
ICICI,JC0806,01-01-1900 00:00:00,A,HEAD - CORPORATE BANKING,HCB
ICICI,JC0804,01-01-1900 00:00:00,A,HEAD TREASURY,HT
ICICI,JC0735,01-01-1900 00:00:00,A,COMPLIANCE & QUALITY MANAGER,COMPLIANCE
ICICI,JC0580,01-01-1900 00:00:00,A,BBB HEAD,BBB HEAD
ICICI,JC0588,01-01-1900 00:00:00,A,SALES OFFICER - FD,SALES OFFI
ICICI,JC0606,01-01-1900 00:00:00,A,HEAD CREDIT - RIBG,HEAD CREDI
ICICI,JC0616,01-01-1900 00:00:00,A,SALES MANAGER - FARM FINANCE,SALES MANA
ICICI,JC0614,01-01-1900 00:00:00,A,REGIONAL HEAD SALES - JL,REGIONAL H
ICICI,JC0644,01-01-1900 00:00:00,A,SALES OFFICER - CV,SALES OFFI
ICICI,JC0646,01-01-1900 00:00:00,A,REGIONAL HEAD - BC,REGIONAL H
ICICI,JC0660,01-01-1900 00:00:00,A,SALES MANAGER - FARMER FINANCE,SALES MANA
ICICI,JC0679,01-01-1900 00:00:00,A,PRODUCT HEAD - FARM & MIC FIN,PRODUCT HE
ICICI,JC0680,01-01-1900 00:00:00,A,PRODUCT MANAGER - CBF,PRODUCT MA
ICICI,JC691,01-01-1900 00:00:00,A,SENIOR DEVELOPMENT OFFICER,SDO
ICICI,JC693,01-01-1900 00:00:00,A,DEVELOPMENT OFFICER I,DO I
ICICI,JC695,01-01-1900 00:00:00,A,PRINCIPAL,PRINCIPAL
ICICI,JC0697,01-01-1900 00:00:00,A,PRODUCT MANAGER  BC,PRODUCT MA
ICICI,JC0699,01-01-1900 00:00:00,A,SALES OFFICER BC,SALES OFFI
ICICI,JC696,01-01-1900 00:00:00,A,ASSISTANT DEVELOPMENT MGR II,ADM II
ICICI,JC0707,01-01-1900 00:00:00,A,ZONAL CREDIT HEAD - MORTGAGE,ZO_CR_MO
ICICI,JC0710,01-01-1900 00:00:00,A,SECURITY OFFICER,SEC OFF
ICICI,JC0715,01-01-1900 00:00:00,A,RELATIONSHIP MGR - SALARY ERV,RE_MGR_ERV
ICICI,JC0578,01-01-1900 00:00:00,A,MAKER,MAKER
ICICI,JC0730,01-01-1900 00:00:00,A,ASSET BRANCH HEAD,ASSET BH
ICICI,JC0747,01-01-1900 00:00:00,A,REGIONAL HEAD- CB,REGIONAL H
ICICI,JC0751,01-01-1900 00:00:00,A,SOLUTION MANAGER - CMS,PRODUCT MA
ICICI,JC0757,01-01-1900 00:00:00,A,REGIONAL HEAD SALES-EC-CBF,REGIONAL H
ICICI,JC0583,01-01-1900 00:00:00,A,PRIVILEGE BANKER - NRI,PB-NRI
ICICI,JC0609,01-01-1900 00:00:00,A,ZONAL HEAD- RIBG,ZONAL HEAD
ICICI,JC0615,01-01-1900 00:00:00,A,REGIONAL HEAD SALES - SHG,REGIONAL H
ICICI,JC0655,01-01-1900 00:00:00,A,PRODUCT MANAGER - EC,PRODUCT MA
ICICI,JC0659,01-01-1900 00:00:00,A,REGIONAL HEAD SALES - FF,REGIONAL H
ICICI,JC0662,01-01-1900 00:00:00,A,MANAGER - MIS,MANAGER -
ICICI,JC0676,01-01-1900 00:00:00,A,SRM- WEALTH,SENIOR REL
ICICI,JC609,01-01-1900 00:00:00,A,PRIVILEGE BANKER - INTERN,PB-INTERN
ICICI,JC0681,01-01-1900 00:00:00,A,PRODUCT MANAGER - RBC,PRODUCT MA
ICICI,JC0733,01-01-1900 00:00:00,A,ANALYST & MIS OFFICER,ANALYST &
ICICI,JC0742,01-01-1900 00:00:00,A,ZONAL SLBC CO-ORDINATOR,ZO_SL_CO
ICICI,JC0743,01-01-1900 00:00:00,A,SALES OFFICER-FLEET CARDS,SALES OFFI
ICICI,JC0758,01-01-1900 00:00:00,A,REGIONAL HEAD SALES-EC-RBC,REGIONAL H
ICICI,JC0630,01-01-1900 00:00:00,A,Technology - Murex,TECH-MUREX
ICICI,JC0581,01-01-1900 00:00:00,A,RETAINER-RLG,RET-RLG
ICICI,JC0633,01-01-1900 00:00:00,A,Coder - Murex,Coder -Mx
ICICI,JC0637,01-01-1900 00:00:00,A,ADVISOR,ADVISOR
ICICI,JC0589,01-01-1900 00:00:00,A,SALES OFFICER - TASC,SALES OFFI
ICICI,JC0592,01-01-1900 00:00:00,A,SALES OFFICER - DIRECTED CA,SALES OFFI
ICICI,JC0593,01-01-1900 00:00:00,A,SALES OFFICER - DIRECTED CASA,SALES OFFI
ICICI,JC0618,01-01-1900 00:00:00,A,SALES MANAGER - JEWEL LOANS,SALES MANA
ICICI,JC0639,01-01-1900 00:00:00,A,REGIONAL HEAD SALES - CV,REGIONAL H
ICICI,JC0671,01-01-1900 00:00:00,A,SALES OFFICER-DIRECT MARKETING,SALES OFFI
ICICI,JC0672,01-01-1900 00:00:00,A,CLIENT SERVICE MANAGER -WEALTH,CLIENT SER
ICICI,JC0628,01-01-1900 00:00:00,A,ZONAL RISK HEAD,ZONAL RISK
ICICI,JC0682,01-01-1900 00:00:00,A,PRODUCT MANAGER - FARM EQUIP,PRODUCT MA
ICICI,JC0688,01-01-1900 00:00:00,A,ASSOCIATE,ASSOCIATE
ICICI,JC689,01-01-1900 00:00:00,A,DEVELOPMENT MANAGER,DM
ICICI,JC692,01-01-1900 00:00:00,A,DEVELOPMENT OFFICER II,DO II
ICICI,JC0629,01-01-1900 00:00:00,A,DEBT OFFICER,DEBT OFFIC
ICICI,JC0721,01-01-1900 00:00:00,A,TRADE DESK MANAGER,TR_DES_MGR
ICICI,JC0739,01-01-1900 00:00:00,A,REGIONAL SERVICE MANAGER,RSM
ICICI,JC0579,01-01-1900 00:00:00,A,ZONAL PRODUCT MANAGER - SME,ZONAL PROD
ICICI,JC0607,01-01-1900 00:00:00,A,RETAIL CREDIT HEAD,RETAIL CRE
ICICI,JC0641,01-01-1900 00:00:00,A,SALES MANAGER - FARM EQUIPMENT,SALES MANA
ICICI,JC0725,01-01-1900 00:00:00,A,ZONAL SLBC CO-ORDINATOR - SOUT,Z_SL_CO_SO
ICICI,JC0745,01-01-1900 00:00:00,A,SALES OFFICER - EC,SALES OFFI
ICICI,JC0746,01-01-1900 00:00:00,A,REGIONAL HEAD- AUTO,REGIONAL H
ICICI,JC0752,01-01-1900 00:00:00,A,DBM - DESIGNATE,DBM - DESI
ICICI,JC0755,01-01-1900 00:00:00,A,INFRA FACILITIES MANAGER,INFRA FACI
ICICI,JC0759,01-01-1900 00:00:00,A,SOLUTION MANAGER-EC-CBF,SOLUTION M
ICICI,JC0760,01-01-1900 00:00:00,A,SOLUTION MANAGER-EC-RBC,SOLUTION M
ICICI,JC0631,01-01-1900 00:00:00,A,TMOG-Product - Murex,TMOG-Murex
ICICI,JC0649,01-01-1900 00:00:00,A,PRODUCT HEAD - EC,PRODUCT HE
ICICI,JC0668,01-01-1900 00:00:00,A,MANAGER - MICRO FINANCE,MANAGER -
ICICI,JC0670,01-01-1900 00:00:00,A,BRANCH BUSINESS OFFICER,BRANCH BUS
ICICI,JC0718,01-01-1900 00:00:00,A,SERVICE MANAGER,SER_MANAGE
ICICI,JC740,01-01-1900 00:00:00,A,HEAD - CREDIT & POLICY,HEAD CREDI
ICICI,JC0748,01-01-1900 00:00:00,A,HEAD CBG & SYNDICATIONS UK,HEAD CBG &
ICICI,JC0612,01-01-1900 00:00:00,A,REGIONAL HEAD SALES - FARM FIN,REGIONAL H
ICICI,JC0613,01-01-1900 00:00:00,A,REGIONAL HEAD SALES - RV,REGIONAL H
ICICI,JC0640,01-01-1900 00:00:00,A,REGIONAL HEAD SALES - EC,REGIONAL H
ICICI,JC0643,01-01-1900 00:00:00,A,SALES MANAGER - CV,SALES MANA
ICICI,JC0657,01-01-1900 00:00:00,A,PRODUCT MANAGER - MF,PRODUCT MA
ICICI,JC0658,01-01-1900 00:00:00,A,PRODUCT MANAGER - RV,PRODUCT MA
ICICI,JC0678,01-01-1900 00:00:00,A,PRIVILEGE BANKER - INTERN,PRIVILEGE
ICICI,JC690,01-01-1900 00:00:00,A,ASSISTANT DEVELOPMENT MGR I,ADM I
ICICI,JC0705,01-01-1900 00:00:00,A,CARDS AUTHORISATION MANAGER,CA_MGR
ICICI,JC0724,01-01-1900 00:00:00,A,ZONAL SLBC CO-ORDI - NORTH EAS,Z_SL_NO_EA
ICICI,JC0744,01-01-1900 00:00:00,A,CHIEF PROTOCOL OFFICER,CHIEF PROT
ICICI,JC0753,01-01-1900 00:00:00,A,REGIONAL NODAL OFFICER,REGIONAL N
ICICI,JC0636,01-01-1900 00:00:00,A,Murex Systems - Operation,Murex-Op
ICICI,JC0591,01-01-1900 00:00:00,A,SALES OFFICER - NRI,SALES OFFI
ICICI,JC0595,01-01-1900 00:00:00,A,INVESTMENT COUNSELLOR - HEAD,INVESTMENT
ICICI,JC0663,01-01-1900 00:00:00,A,MANAGER - COMPLIANCE,MANAGER -
ICICI,JC0716,01-01-1900 00:00:00,A,PRODUCT HEAD - SLBC,PRD_HD_SLB
ICICI,JC0570,01-01-1990 00:00:00,A,REGIONAL HEAD - TASC,RH-TASC
ICICI,JC0585,01-01-1900 00:00:00,A,SALES OFFICER - CA,SALES OFFI
ICICI,JC0598,01-01-1900 00:00:00,A,SENIOR GENERAL MANAGER,SGM-I
ICICI,JC0599,01-01-1900 00:00:00,A,SENIOR GENERAL MANAGER,SGM-II
ICICI,JC0602,01-01-1900 00:00:00,A,INFORMATION SECURITY OFFICER,INFORMATIO
ICICI,JC0604,01-01-1900 00:00:00,A,BRANCH BUSINESS MANAGER,BRANCH BUS
ICICI,JC0645,01-01-1900 00:00:00,A,ZONAL HEAD - BC,ZONAL HEAD
ICICI,JC0648,01-01-1900 00:00:00,A,PRODUCT HEAD - FARMER FINANCE,PRODUCT HE
ICICI,JC0653,01-01-1900 00:00:00,A,PRODUCT MANAGER - JEWEL LOANS,PRODUCT MA
ICICI,JC0664,01-01-1900 00:00:00,A,MANAGER - JEWEL LOANS,MANAGER -
ICICI,JC0666,01-01-1900 00:00:00,A,MANAGER - ENTERPRISE CREDIT,MANAGER -
ICICI,JC0627,01-01-1900 00:00:00,A,REGIONAL HEAD-CARDS & PL,REGIONAL H
ICICI,JC0677,01-01-1900 00:00:00,A,ZONAL HEAD - MORTGAGE,ZONAL HEAD
ICICI,JC0709,01-01-1900 00:00:00,A,ATM OPERATIONS MANAGER,ATM_OP_MA
ICICI,JC741,01-01-1900 00:00:00,A,HEAD OF TREASURY,HEAD TRE
ICICI,JC0575,01-01-1900 00:00:00,A,BSM AGRI,BSM AGRI
ICICI,JC0586,01-01-1900 00:00:00,A,SALES OFFICER - CASA,SALES OFFI
ICICI,JC0597,01-01-1900 00:00:00,A,NCA - RELATIONSHIP MANAGER,NCA - RELA
ICICI,JC0623,01-01-1900 00:00:00,A,SALES OFFICER -SELF HELP GROUP,SALES OFFI
ICICI,JC0638,01-01-1900 00:00:00,A,REGIONAL HEAD SALES - FE,REGIONAL H
ICICI,JC0650,01-01-1900 00:00:00,A,PRODUCT HEAD - SELF HELP GROUP,PRODUCT HE
ICICI,JC0651,01-01-1900 00:00:00,A,PRODUCT HEAD - MICRO FINANCE,PRODUCT HE
ICICI,JC0661,01-01-1900 00:00:00,A,SALES OFFICER - FARMER FINANCE,SALES OFFI
ICICI,JC0665,01-01-1900 00:00:00,A,MANAGER - FARMER FINANCE,MANAGER -
ICICI,JC694,01-01-1900 00:00:00,A,DEVELOPMENT OFFICER,DO
ICICI,JC0706,01-01-1900 00:00:00,A,CARDS AUTHORISATION OFFICER,CA_OFF
ICICI,JC0712,01-01-1900 00:00:00,A,SECURITY SUPERVISOR,SEC SUPV
ICICI,JC0722,01-01-1900 00:00:00,A,REGIONAL SLBC CO-ORDINATOR,RE_SLBC_CO
ICICI,JC0723,01-01-1900 00:00:00,A,ZONAL SLBC CO-ORDINATOR- NORTH,Z_SLB_CO_N
ICICI,JC0738,01-01-1900 00:00:00,A,SALES OFFICER-PL,SALES OFFI
ICICI,JC0569,01-01-1990 00:00:00,A,REGIONAL HEAD - SALARY,RH-SAL
ICICI,JC0632,01-01-1900 00:00:00,A,Business Analyst - Murex,BA-Murex
ICICI,JC0634,01-01-1900 00:00:00,A,Project Manager - Murex,PM-Murex
ICICI,JC0635,01-01-1900 00:00:00,A,Team Leader - Murex,TL-Murex
ICICI,JC0610,01-01-1900 00:00:00,A,REGIONAL HEAD-RIBG SALES,REGIONAL H
ICICI,JC0708,01-01-1900 00:00:00,A,HEAD - CARDS AUTHORISATION,HE_CA_AUT
ICICI,JC0750,01-01-1900 00:00:00,A,PRODUCT HEAD - CMS,PRODUCT HE
ICICI,JC0754,01-01-1900 00:00:00,A,ZONAL SECURITY MANAGER,ZONAL SECU
ICICI,JC0756,01-01-1900 00:00:00,A,INFRA PROJECT MANAGER,INFRA PROJ
ICICI,JC0590,01-01-1900 00:00:00,A,BOM - Commercial,BOM-Comm
ICICI,JC0596,01-01-1900 00:00:00,A,AVP & HEAD MORTGAGE STRATEGY,AVP & HEAD
ICICI,JC0601,01-01-1900 00:00:00,A,PRESIDENT,PRESIDENT
ICICI,JC0620,01-01-1900 00:00:00,A,SALES OFFICER - FARM FINANCE,SALES OFFI
ICICI,JC0621,01-01-1900 00:00:00,A,SALES OFFICER - RURAL VEHICLE,SALES OFFI
ICICI,JC0647,01-01-1900 00:00:00,A,PRODUCT HEAD - JEWEL LOANS,PRODUCT HE
ICICI,JC0656,01-01-1900 00:00:00,A,PRODUCT MANAGER - SHG,PRODUCT MA
ICICI,JC0667,01-01-1900 00:00:00,A,MANAGER - SELF HELP GROUP,MANAGER -
ICICI,JC0734,01-01-1900 00:00:00,A,ANALYST & MIS MANAGER,ANALYST &
ICICI,JC0736,01-01-1900 00:00:00,A,COMPLIANCE & AUDIT OFFICER,COMPLIANCE
ICICI,JC0737,01-01-1900 00:00:00,A,SALES OFFICER-CARDS,SALES OFFI
ICICI,JC0761,01-01-1900 00:00:00,A,CSO - BUSINESS BANKING,CSO - BUSI
ICICI,JC0587,01-01-1900 00:00:00,A,SALES OFFICER - SALARY,SALES OFFI
ICICI,JC0594,01-01-1900 00:00:00,A,ZONAL PRODUCT HEAD - SME,ZONAL PROD
ICICI,JC0605,01-01-1900 00:00:00,A,HEAD POLICY RETAIL RURAL & SME,HEAD POLIC
ICICI,JC0617,01-01-1900 00:00:00,A,SALES MANAGER - RURAL VEHICLE,SALES MANA
ICICI,JC0622,01-01-1900 00:00:00,A,SALES OFFICER - JEWEL LOANS,SALES OFFI
ICICI,JC0624,01-01-1900 00:00:00,A,SOLUTION MANAGER - EC,SOLUTION M
ICICI,JC0642,01-01-1900 00:00:00,A,SALES OFFICER - FARM EQUIPMENT,SALES OFFI
ICICI,JC0654,01-01-1900 00:00:00,A,PRODUCT MANAGER - FARM FINANCE,PRODUCT MA
ICICI,JC0669,01-01-1900 00:00:00,A,MANAGER - RURAL VEHICLE,MANAGER -
ICICI,JC0673,01-01-1900 00:00:00,A,INVESTMENT SPECIALIST,INVESTMENT
ICICI,JC0685,01-01-1900 00:00:00,A,VICE PRESIDENT,VICE PRESI
ICICI,JC0687,01-01-1900 00:00:00,A,SENIOR ASSOCIATE,SENIOR ASS
ICICI,JC0695,01-01-1900 00:00:00,A,PRINCIPAL,PRINCIPAL
ICICI,JC0696,01-01-1900 00:00:00,A,PRODUCT HEAD BC,PRODUCT HE
ICICI,JC0702,01-01-1900 00:00:00,A,SENIOR PB,SENIOR PB
ICICI,JC0711,01-01-1900 00:00:00,A,FIRE & SAFETY OFFICER,FS OFF
ICICI,JC0714,01-01-1900 00:00:00,A,RELATIONSHIP MANAGER - SALARY,RE_MAN_SAL
ICICI,JC0717,01-01-1900 00:00:00,A,PRODUCT MANAGER - SLBC,PRD_MGR_SL
ICICI,JC0619,01-01-1900 00:00:00,A,SALES MANAGER - SHG,SALES MANA
ICICI,JC0625,01-01-1900 00:00:00,A,SOLUTION MANAGER - MICRO FIN,SOLUTION M
ICICI,JC0749,01-01-1900 00:00:00,A,SENIOR BSM MORTGAGE,SENIOR BSM
ICICI,JC0762,01-01-1900 00:00:00,A,REGIONAL HEAD SALES - FOREX,REGIONAL H
ICICI,JC0763,01-10-2013 00:00:00,A,CSO - TELLER,CSO - TELL
ICICI,JC0764,01-01-1900 00:00:00,A,CSM - BUSINESS BANKING,CSM - BUSI
ICICI,JC0767,01-01-1900 00:00:00,A,SALES OFFICER - CA INBOUND,SALES OFFI
ICICI,JC0768,01-01-1900 00:00:00,A,RETAIL INFRA HEAD,RETAIL INF
ICICI,JC0769,01-01-1900 00:00:00,A,ZONAL INFRA HEAD,ZONAL INFR
ICICI,JC0770,01-01-1900 00:00:00,A,REGIONAL HEAD SALES - SA,REGIONAL H
ICICI,JC0771,01-01-1900 00:00:00,A,REGIONAL HEAD SALES - CASA,REGIONAL H
ICICI,JC0772,01-01-1900 00:00:00,A,ELECTRONIC DESK OFFICER,ELECTRONIC
ICICI,JC0773,01-01-1900 00:00:00,A,TESTING,TEST
ICICI,JC0776,01-01-1900 00:00:00,A,SOLUTION MANAGER-EC-CBF,SOLUTION M
ICICI,JC0779,01-01-1900 00:00:00,A,SVP & CHIEF RISK OFFICER,SVP & CHIE
ICICI,JC0780,01-01-1900 00:00:00,A,PROJECT MANAGER-ETRG,PROJECT MA
ICICI,JC0781,01-01-1900 00:00:00,A,SR RELATIONSHIP MANAGER-ETRG,SR RELATIO
ICICI,JC0784,01-01-1900 00:00:00,A,Recruitment Manager,Recruitmen
ICICI,JC0785,01-01-1900 00:00:00,A,Business HR Manager,Business H
ICICI,JC0786,01-01-1900 00:00:00,A,Reg-Process Compliance Manager,Reg-Proces
ICICI,JC0787,01-01-1900 00:00:00,A,PROJECT MANAGER - TOLL,PROJECT MA
ICICI,JC0788,01-01-1900 00:00:00,A,DEPUTY MANAGER,DEPUTY MGR
ICICI,JC0792,01-01-1900 00:00:00,A,AREA HEAD,AREA HEAD
ICICI,JC0793,01-01-1900 00:00:00,A,TRADE SERVICE MANAGER,TRADE SERV
ICICI,JC0794,01-01-1900 00:00:00,A,ASSISTANT SECURITY OFFICER,ASO
ICICI,JC0795,01-01-1900 00:00:00,A,CCSO & Internal Ombudsman,CCSO & Int
ICICI,JC0797,01-01-1900 00:00:00,A,GROUP EXECUTIVE,GE
ICICI,JC0218,01-01-1900 00:00:00,A,REGIONAL COMPLIANCE MANAGER,REGIONAL C
ICICI,JC0219,01-01-1900 00:00:00,A,REGIONAL CREDIT MANAGER,REGIONAL C
ICICI,JC0220,01-01-1900 00:00:00,A,REGIONAL HEAD,REGIONAL H
ICICI,JC0221,01-01-1900 00:00:00,A,REGIONAL HEAD BRANCH BANKING,REGIONAL H
ICICI,JC0222,01-01-1900 00:00:00,A,REGIONAL MANAGER,REGIONAL M
ICICI,JC0223,01-01-1900 00:00:00,A,REGIONAL MARKETING MANAGER,REGIONAL M
ICICI,JC0224,01-01-1900 00:00:00,A,REGIONAL PROCESSING MANAGER,REGIONAL P
ICICI,JC0225,01-01-1900 00:00:00,A,REGIONAL QUALITY MANAGER,REGIONAL Q
ICICI,JC0226,01-01-1900 00:00:00,A,REGIONAL RELATIONSHIP MANAGER,REGIONAL R
ICICI,JC0227,01-01-1900 00:00:00,A,REGIONAL RISK MANAGER,REGIONAL R
ICICI,JC0228,01-01-1900 00:00:00,A,REGIONAL SALES MANAGER,REGIONAL S
ICICI,JC0229,01-01-1900 00:00:00,A,REGIONAL SOLUTION MANAGER,REGIONAL S
ICICI,JC0230,01-01-1900 00:00:00,A,REGIONAL TRAINING MANAGER,REGIONAL T
ICICI,JC0231,01-01-1900 00:00:00,A,RELATIONSHIP MANAGER,RELATIONSH
ICICI,JC0232,01-01-1900 00:00:00,A,RELATIONSHIP OFFICER,RELATIONSH
ICICI,JC0233,01-01-1900 00:00:00,A,RELATIONSHIP SALES MANAGER,RELATIONSH
ICICI,JC0234,01-01-1900 00:00:00,A,REPORTING OFFICER,REPORTING
ICICI,JC0235,01-01-1900 00:00:00,A,RETAIL LOANS MANAGER,RETAIL LOA
ICICI,JC0236,01-01-1900 00:00:00,A,RISK ANALYST,RISK ANALY
ICICI,JC0237,01-01-1900 00:00:00,A,RISK MANAGER,RISK MANAG
ICICI,JC0921,01-01-1900 00:00:00,A,BSM-NRI,BSM-NRI
ICICI,JC0922,01-01-1900 00:00:00,A,ZONAL HEAD - MORTGAGE,ZONAL HEAD
ICICI,JC0958,01-01-1900 00:00:00,A,QA ENGINEER,QAE
ICICI,JC0960,01-01-1900 00:00:00,A,DevOps ENGINEER,DOE
ICICI,JC0992,01-01-1900 00:00:00,A,PRIVILEGE BANKER - NRI,PB NRI
ICICI,JC0996,01-01-1900 00:00:00,A,LEAD LEGAL,LDLG
ICICI,JC1005,01-01-1900 00:00:00,A,BRANCH RELATIONSHIP MANAGER,BRM
ICICI,JC0819,01-01-1900 00:00:00,A,MD & CEO - DESIGNATE,MDCEO-D
ICICI,JC1020,01-01-1900 00:00:00,A,HEAD - STRUCTURED FINANCE GRP,WH_SFG
ICICI,JC0824,01-01-1900 00:00:00,A,Head - Private Banking,HDPVTBNKG
ICICI,JC0827,01-01-1900 00:00:00,A,HEAD - RISK,HEAD_RISK
ICICI,JC1098,01-01-1900 00:00:00,A,SO CASA - OTHERS,SOCASA OTH
ICICI,JC1114,01-01-1900 00:00:00,A,POLICY HEAD- MORTGAGES,PH_MO
ICICI,JC1119,01-01-1900 00:00:00,A,PRIORITY BANKER - SALARY,PB_SAL
ICICI,JC0834,01-01-1900 00:00:00,A,Head SME Credit&Policy CLB&SLB,HDSMECPCLB
ICICI,JC1130,01-01-1900 00:00:00,A,SALES OFFICER - AVCB,SO-AVCB
ICICI,JC1133,01-01-1900 00:00:00,A,PRODUCT MANAGER – AVCB,PM-AVCB
ICICI,JC1136,01-01-1900 00:00:00,A,PRODUCT MANAGER –RETAIL ASSETS,PM-RA
ICICI,JC0808,01-01-1900 00:00:00,A,MANAGER SOLUTIONS,MS
ICICI,JC0928,01-01-1900 00:00:00,A,SALES MANAGER-INCL BANKING,SALES MANA
ICICI,JC0973,01-01-1900 00:00:00,A,PRINCIPAL ARCHITECT,PAR
ICICI,JC0974,01-01-1900 00:00:00,A,NATIONAL BUSINESS HEAD,NBH
ICICI,JC0981,01-01-1900 00:00:00,A,ZONAL PORTFOLIO MANAGER,ZPM
ICICI,JC0987,01-01-1900 00:00:00,A,SALES MANAGER DMA,SMDM
ICICI,JC1023,01-01-1900 00:00:00,A,GOLD LOAN EXPERT,GLE
ICICI,JC1066,01-01-1900 00:00:00,A,SM - ENTERPRISE SOLUTIONS,SM_ES
ICICI,JC1075,01-01-1900 00:00:00,A,REGIONAL CHANNEL MANAGER,REG_CH_MGR
ICICI,JC1100,01-01-1900 00:00:00,A,SO CA - BLG,SOCA BLG
ICICI,JC1125,01-01-1900 00:00:00,A,RELATIONSHIP MANAGER-TASC,RM_TASC
ICICI,JC1127,01-01-1900 00:00:00,A,HEAD - BANKING SPECIALIST,HEAD-BS
ICICI,JC1128,01-01-1900 00:00:00,A,REGIONAL HEAD SALES – AVCB,RHS-AVCB
ICICI,JC1137,01-01-1900 00:00:00,A,PRODUCT HEAD – JEWEL LOAN,PH-JL
ICICI,JC1142,01-01-1900 00:00:00,A,PRODUCT MANAGER – KKV,PM-KKV
ICICI,JC1148,01-01-1900 00:00:00,A,RETAIL AUDIT HEAD-AGRI CREDIT,AUD_AGRCR
ICICI,JC0835,01-01-1900 00:00:00,A,Regional Head Credit,RH -Credit
ICICI,JC1149,01-01-1900 00:00:00,A,HEAD-CSM-PRIVATE BANKING,H-CSM-PB
ICICI,JC1150,01-01-1900 00:00:00,A,HEAD - DIRECT & ONLINE CHANNEL,MP_DEPT
ICICI,JC0924,01-01-1900 00:00:00,A,ZONAL HEAD - UNSECURED ASSETS,ZONAL HEAD
ICICI,JC0927,01-01-1900 00:00:00,A,REGIONAL ASSET MANAGER,REGIONAL A
ICICI,JC0930,01-01-1900 00:00:00,A,SALES OFFICER-INCL BANKING,SALES OFFI
ICICI,JC0937,01-01-1900 00:00:00,A,CUSTOMER RELATIONSHIP OFFICER,CRO
ICICI,JC0949,01-01-1900 00:00:00,A,CREDIT MANAGER - EL,CM - EL
ICICI,JC0968,01-01-1900 00:00:00,A,CHIEF RISK OFFICER,CROFF
ICICI,JC0985,01-01-1900 00:00:00,A,SALES MANAGER DIRECT,SMD
ICICI,JC0986,01-01-1900 00:00:00,A,SALES ASSOCIATE DIRECT,SADR
ICICI,JC1013,01-01-1900 00:00:00,A,HEAD-PORTFOLIO MGMT & SFG,WH_PM&SFG
ICICI,JC1014,01-01-1900 00:00:00,A,HEAD - SSG,WH_SSG
ICICI,JC1022,01-01-1900 00:00:00,A,NATIONAL ASSET MANAGER,NAM
ICICI,JC1029,01-01-1900 00:00:00,A,RELATIONSHIP MANAGER - NRI,RM-NRI
ICICI,JC1040,01-01-1900 00:00:00,A,RELATIONSHIP MANAGER - BIL,RM-BIL
ICICI,JC1050,01-01-1900 00:00:00,A,REGIONAL HEAD SALES,RH SALES
ICICI,JC1052,01-01-1900 00:00:00,A,HEAD STRATEGIC SOLUTIONS GROUP,HEAD SSG
ICICI,JC1053,01-01-1900 00:00:00,A,RELATIONSHIP MANAGER - HV,RM-HV
ICICI,JC1055,01-01-1900 00:00:00,A,RHS - RELATIONSHIP,RHS-REL
ICICI,JC0923,01-01-1900 00:00:00,A,ZONAL HEAD - VEHICLES,ZONAL HEAD
ICICI,JC0943,01-01-1900 00:00:00,A,BSM - AFFORDABLE HOUSING,BSM - AH
ICICI,JC0948,01-01-1900 00:00:00,A,REGIONAL HEAD SALES - EL,RHS - EL
ICICI,JC0959,01-01-1900 00:00:00,A,SENIOR QA ENGINEER,SRQAE
ICICI,JC0979,01-01-1900 00:00:00,A,SALES MANAGER RESIDENTIAL,SMR
ICICI,JC0982,01-01-1900 00:00:00,A,REGIONAL PORTFOLIO MANAGER,RPM
ICICI,JC0983,01-01-1900 00:00:00,A,TERRITORY BUSINESS MANAGER,TBM
ICICI,JC0989,01-01-1900 00:00:00,A,RELATIONSHIP MANAGER ALLIANCE,RMA
ICICI,JC0990,01-01-1900 00:00:00,A,CUSTOMER SERVICE ASSOCIATE,CSA
ICICI,JC1061,01-01-1900 00:00:00,A,BRO - NRI,BRO_NRI
ICICI,JC1073,01-01-1900 00:00:00,A,CHANNEL MGR - IBG,CHMGR_IBG
ICICI,JC1083,01-01-1900 00:00:00,A,Senior FX Trader,Senior FXT
ICICI,JC1092,01-01-1900 00:00:00,A,HEAD SMEG CREDIT & BLG CREDIT,H_SMEBLG_C
ICICI,JC1093,01-01-1900 00:00:00,A,HEAD - NRI SALES,H_NRI-SALS
ICICI,JC0832,01-01-1900 00:00:00,A,HEAD- CREDIT MONITORING GROUP,Head - CMG
ICICI,JC1106,01-01-1900 00:00:00,A,KEY ACCOUNTS MANAGER - RE,KAM-RE
ICICI,JC1135,01-01-1900 00:00:00,A,PRODUCT MANAGER – ES,PM-ES
ICICI,JC0838,01-01-1900 00:00:00,A,HEAD-INFRA STRUCT MGMT SERVICE,HEAD -IMSG
ICICI,JC0810,01-01-1900 00:00:00,A,KEY RELATIONSHIP OFFICER,KRO
ICICI,JC0952,01-01-1900 00:00:00,A,SENIOR SOFTWARE ENGINEER,SSE
ICICI,JC0953,01-01-1900 00:00:00,A,PRINCIPAL SOFTWARE ENGINEER,PSE
ICICI,JC0972,01-01-1900 00:00:00,A,SALES ASSOCIATE,SAT
ICICI,JC0995,01-01-1900 00:00:00,A,MANAGER - DIGITAL,MRD
ICICI,JC1003,01-01-1900 00:00:00,A,REGIONAL HEAD SALES - RURAL IB,RHS-RUR IB
ICICI,JC1021,01-01-1900 00:00:00,A,HEAD - BUSINESS BKG SPECIALIST,HEAD- BBS
ICICI,JC1042,01-01-1900 00:00:00,A,REGIONAL HEAD-SALES - BIL,RH SAL BIL
ICICI,JC1043,01-01-1900 00:00:00,A,REGIONAL HEAD-SALES - PL,RH SAL PL
ICICI,JC1045,01-01-1900 00:00:00,A,RELATIONSHIP MANAGER - CHANNEL,RM-CHANL
ICICI,JC1049,01-01-1900 00:00:00,A,TEAM LEAD - ANALYTICS,TL-ANALYT
ICICI,JC1051,01-01-1900 00:00:00,A,SALES OFFICER,SALES OFF
ICICI,JC1060,01-01-1900 00:00:00,A,BRO - SALARY,BRO_SAL
ICICI,JC1129,01-01-1900 00:00:00,A,SOLUTION MANAGER – AVCB,SM-AVCB
ICICI,JC1132,01-01-1900 00:00:00,A,PRODUCT HEAD - AVCB,PH-AVCB
ICICI,JC1138,01-01-1900 00:00:00,A,PRODUCT HEAD – GOLD LOAN & KKV,PH-GL&KKV
ICICI,JC0837,01-01-1900 00:00:00,A,Head-Credit&Policy -SMEG & BLG,H- C&P-S&B
ICICI,JC0920,01-01-1900 00:00:00,A,MANAGER - BUSINESS ANALYTICS,MANAGER -
ICICI,JC0809,01-01-1900 00:00:00,A,RELATIONSHIP MANAGER-RURAL IB,RM-RIB
ICICI,JC0933,01-01-1900 00:00:00,A,PB-RM,PB-RM
ICICI,JC0935,01-01-1900 00:00:00,A,PB-SRM,PB-SRM
ICICI,JC0938,01-01-1900 00:00:00,A,SENIOR CSM,SENIOR CSM
ICICI,JC0962,01-01-1900 00:00:00,A,National Head Alliance,NHA
ICICI,JC1035,01-01-1900 00:00:00,A,E-RELATIONSHIP MANAGER,E-RM
ICICI,JC1037,01-01-1900 00:00:00,A,HEAD- STRUCTURED FINANCE GROUP,WBGHSFG001
ICICI,JC1044,01-01-1900 00:00:00,A,RM - PARTNERSHIPS,RM-PRTNR
ICICI,JC1048,01-01-1900 00:00:00,A,HEAD - BEU,HEAD - BEU
ICICI,JC1062,01-01-1900 00:00:00,A,BRO - CASA,BRO_CASA
ICICI,JC1071,01-01-1900 00:00:00,A,CHANNEL MGR - RIBG,CHMGRRIBG
ICICI,JC1085,01-01-1900 00:00:00,A,Junior Rates Trader,JRT
ICICI,JC1088,01-01-1900 00:00:00,A,SALES OFFICER - FF CORP,SO_FFCORP
ICICI,JC1090,01-01-1900 00:00:00,A,SOLUTION OFFICER - MICRO FIN,SO_MFI
ICICI,JC1101,01-01-1900 00:00:00,A,SO CA - MORTGAGE,SOCA MG
ICICI,JC1144,01-01-1900 00:00:00,A,SEGMENT CREDIT HEAD,SEG_CRH
ICICI,JC1146,01-01-1900 00:00:00,A,HEAD-INFRA & FACILITIES,HEAD-I&F
ICICI,JC0980,01-01-1900 00:00:00,A,SALES ASSOCIATE RESIDENTIAL,SAR
ICICI,JC0929,01-01-1900 00:00:00,A,REGIONAL LIAB & SERVICE MGR,REGIONAL L
ICICI,JC0812,01-01-1900 00:00:00,A,COUNTRY HEAD,CTRYHD
ICICI,JC0817,01-01-1900 00:00:00,A,CHIEF OPS & TECH OFFICER,COTO
ICICI,JC0823,01-01-1900 00:00:00,A,HEAD OPERATION - PHONE BANKING,HDOP-PHBNK
ICICI,JC1064,01-01-1900 00:00:00,A,BRO - FARMER FINANCE,BRO_FF
ICICI,JC1065,01-01-1900 00:00:00,A,RHS - ENTERPRISE SOLUTIONS,RHS_ES
ICICI,JC1067,01-01-1900 00:00:00,A,SM ENTERPRISE SOLUTIONS BRANCH,SMB_ES
ICICI,JC1123,01-01-1900 00:00:00,A,REGIONAL HEAD SALES-GBG,RHS_GBG
ICICI,JC1134,01-01-1900 00:00:00,A,PRODUCT HEAD – ES,PH-ES
ICICI,JC1140,01-01-1900 00:00:00,A,PROCESS MANAGER – MIS & BSC,PH-MIS&BSC
ICICI,JC0836,01-01-1900 00:00:00,A,HEAD - RETAIL BANKING,H-RTL_BNKG
ICICI,JC0839,01-01-1900 00:00:00,A,REGIONAL HEAD-RETAIL & BUS BNK,RH-RTL&BUS
ICICI,JC0840,01-01-1900 00:00:00,A,HEAD-CORPORATE BNK GRP-I SGP,HD-CORP-I
ICICI,JC0841,01-01-1900 00:00:00,A,HEAD-CORPORATE BNK GRP-II SGP,HD-CORP-II
ICICI,JC0842,01-01-1900 00:00:00,A,TEAM LEAD-FINANCE-SINGAPORE,TL-FIN SGP
ICICI,JC0843,01-01-1900 00:00:00,A,HEAD-RISK-SNGP & SRI LANKA,HD-RK-SGP
ICICI,JC0807,01-01-1900 00:00:00,A,SENIOR ER MANAGER,SERM
ICICI,JC0932,01-01-1900 00:00:00,A,HEAD - HUMAN RESOURCES,HR HEAD
ICICI,JC0944,01-01-1900 00:00:00,A,RHS - AFFORDABLE HOUSING,RHS - AH
ICICI,JC0964,01-01-1900 00:00:00,A,ZONAL HEAD - BLG,ZH - BLG
ICICI,JC0966,01-01-1900 00:00:00,A,LEAD OPERATIONS,LEAD OPS
ICICI,JC0984,01-01-1900 00:00:00,A,TERRITORY PORTFOLIO MANAGER,TPM
ICICI,JC1000,01-01-1900 00:00:00,A,ZMAM,ZMAM
ICICI,JC1004,01-01-1900 00:00:00,A,HEAD MORTGAGE - SALES,HEAD MOTGE
ICICI,JC1024,01-01-1900 00:00:00,A,BRANCH RELATIONSHIP OFFICER-C,BRO_C
ICICI,JC1031,01-01-1900 00:00:00,A,ZONAL RECRUITMENT HEAD,ZRH
ICICI,JC1034,01-01-1900 00:00:00,A,DEPUTY ZONAL HEAD (SLB),DEP ZH SLB
ICICI,JC1038,01-01-1900 00:00:00,A,REGIONAL PRODUCT HEAD - CMS,RH - CMS
ICICI,JC1041,01-01-1900 00:00:00,A,PRODUCT HEAD - BIL,PH-BIL
ICICI,JC1046,01-01-1900 00:00:00,A,REGIONAL HEAD-SALES - CHANNEL,RHS-CHANL
ICICI,JC1072,01-01-1900 00:00:00,A,CHANNEL MGR - DIGITAL SOURCING,CHMGR_DIGI
ICICI,JC1079,01-01-1900 00:00:00,A,ZONAL HEAD – CB; SOUTH,ZH-CB
ICICI,JC1091,01-01-1900 00:00:00,A,HEAD - DEBT CAPITAL MARKETS,HEAD-DBCM
ICICI,JC0811,01-01-1900 00:00:00,A,RELATIONSHIP OFFICER-RURAL IB,RO-RIB
ICICI,JC0813,01-01-1900 00:00:00,A,Fire & Safety Manager,F & S MNGR
ICICI,JC0814,01-01-1900 00:00:00,A,REGIONAL HR MANAGER,RHM
ICICI,JC0941,01-01-1900 00:00:00,A,HEAD-INNOVATION LAB,HIL
ICICI,JC0950,01-01-1900 00:00:00,A,REGIONAL CREDIT MANAGER - EL,RCM - EL
ICICI,JC0963,01-01-1900 00:00:00,A,Chief Distribution Officer,CDO
ICICI,JC0967,01-01-1900 00:00:00,A,DATA SCIENTIST,DS
ICICI,JC0970,01-01-1900 00:00:00,A,TERRITORY BUSINESS MANAGER,TBM
ICICI,JC0975,01-01-1900 00:00:00,A,TERRITORY MANAGER RESIDENTIAL,TMR
ICICI,JC0976,01-01-1900 00:00:00,A,TERRITORY MANAGER COMMERCIAL,TMC
ICICI,JC0978,01-01-1900 00:00:00,A,SALES MANAGER COMMERCIAL,SMC
ICICI,JC0997,01-01-1900 00:00:00,A,ASSISTANT BRANCH MANAGER,ASST BM
ICICI,JC1027,01-01-1900 00:00:00,A,ROPS HEAD - ASSET,ROPS H-AST
ICICI,JC0821,01-01-1900 00:00:00,A,REGIONAL HEAD - NORTH ASIA,RH-N-Asia
ICICI,JC0822,01-01-1900 00:00:00,A,HEAD - COMMERCIAL BANKING,Head-CoBnk
ICICI,JC1054,01-01-1900 00:00:00,A,MANDATE MANAGER,MNDT MGR
ICICI,JC1057,01-01-1900 00:00:00,A,ZONAL SERVICE MANAGER - RIBG,ZSM_RIBG
ICICI,JC0934,01-01-1900 00:00:00,A,PB(CA)-RM,PB(CA)-RM
ICICI,JC0940,01-01-1900 00:00:00,A,MARKETING OFFICER,MKTOFF
ICICI,JC0815,01-01-1900 00:00:00,A,HEAD - INNOVATION LAB,HIL
ICICI,JC0955,01-01-1900 00:00:00,A,HEAD ADMINISTRATION,AH
ICICI,JC0971,01-01-1900 00:00:00,A,TERRITORY PORTFOLIO MANAGER,TPM
ICICI,JC0977,01-01-1900 00:00:00,A,TERRITORY MANAGER COMM & RESI,TMCR
ICICI,JC1028,01-01-1900 00:00:00,A,REGIONAL HEAD SALES - NRI,RHS-NRI
ICICI,JC1033,01-01-1900 00:00:00,A,REGIONAL SERVICE HEAD,RSH
ICICI,JC1039,01-01-1900 00:00:00,A,RELATIONSHIP MANAGER - PL,RM-PL
ICICI,JC1047,01-01-1900 00:00:00,A,MANAGER - ANALYTICS,MGR-ANALYT
ICICI,JC1056,01-01-1900 00:00:00,A,RM-ALTERNATE CHANNEL,RM-ALT-CHL
ICICI,JC1058,01-01-1900 00:00:00,A,REGIONAL SERVICE MANAGER - RIB,RSM_RIBG
ICICI,JC1059,01-01-1900 00:00:00,A,RHS - NRI AND SALARY RIBG,NRISAL_RIB
ICICI,JC1063,01-01-1900 00:00:00,A,BRO - CA,BRO_CA
ICICI,JC1068,01-01-1900 00:00:00,A,HEAD-CORP CHANNEL& PARTNERSHIP,HEAD_CH_PT
ICICI,JC1069,01-01-1900 00:00:00,A,CHANNEL HEAD-DMA&PARTNERSHIP,CH_HD_DMA
ICICI,JC1074,01-01-1900 00:00:00,A,CHANNEL MGR - DIRECT CHANNEL,CHMGR_DC
ICICI,JC1076,01-01-1900 00:00:00,A,REGIONAL HEAD - NRI,RH - NRI
ICICI,JC0925,01-01-1900 00:00:00,A,SENIOR BRANCH MANAGER,SENIOR BM
ICICI,JC0936,01-01-1900 00:00:00,A,ZONAL SERVICE MANAGER,ZSM
ICICI,JC0947,01-01-1900 00:00:00,A,RELATIONSHIP MANAGER - EL,RM - EL
ICICI,JC0965,01-01-1900 00:00:00,A,ZONAL HEAD - ETRG,ZH - ETRG
ICICI,JC0988,01-01-1900 00:00:00,A,SALES MANAGER ALLIANCE,SMA
ICICI,JC0991,01-01-1900 00:00:00,A,TECHNICAL ASSOCIATE,TA
ICICI,JC0993,01-01-1900 00:00:00,A,HEAD - MARKETING & DIGITAL,HMD
ICICI,JC1002,01-01-1900 00:00:00,A,SO CA - CONNECTED BANKING,SO CA-COBA
ICICI,JC1009,01-01-1900 00:00:00,A,"HEAD-SERVICES,PFG,SSG,PM&SFG",WH_PD2
ICICI,JC1032,01-01-1900 00:00:00,A,DEPUTY ZONAL HEAD,DEPUTY ZH
ICICI,JC1077,01-01-1900 00:00:00,A,PROD MGR MICRO MKT - GBG & IB,PROD MICRO
ICICI,JC1078,01-01-1900 00:00:00,A,LEADERSHIP TEAM,LEAD-TEAM
ICICI,JC0825,01-01-1900 00:00:00,A,Head -Group Synergy & Strategy,Head_GSS
ICICI,JC0826,01-01-1900 00:00:00,A,Executive Committee,EC
ICICI,JC1081,01-01-1900 00:00:00,A,Deputy Head - Rates & FX,DH FX
ICICI,JC1082,01-01-1900 00:00:00,A,Senior Rates Trader,Senior RT
ICICI,JC1086,01-01-1900 00:00:00,A,REGIONAL HEAD SALES - FF CORP,RHS_FFCORP
ICICI,JC1087,01-01-1900 00:00:00,A,SOLUTION MANAGER – FF CORP,SM_FFCORP
ICICI,JC0931,01-01-1900 00:00:00,A,REGIONAL HEAD SALES-INCL BNKG,RHS-INCLBK
ICICI,JC0961,01-01-1900 00:00:00,A,SR DevOps ENGINEER,SRDOE
ICICI,JC0816,01-01-1900 00:00:00,A,CHIEF OPERATING OFFICER,COO
ICICI,JC1006,01-01-1900 00:00:00,A,RM - WEALTH PLUS,RM-WP
ICICI,JC1018,01-01-1900 00:00:00,A,HEAD - FIG,WH_FIG
ICICI,JC1036,01-01-1900 00:00:00,A,RELATIONSHIP MANAGER -MORTGAGE,RMMORTGAGE
ICICI,JC1089,01-01-1900 00:00:00,A,PRODUCT HEAD – GOLD LOAN & KKV,PH_GLKKV
ICICI,JC1094,01-01-1900 00:00:00,A,PRODUCT SPECIALIST,PRDT-SPLST
ICICI,JC1096,01-01-1900 00:00:00,A,SO CASA - MORTGAGE,SOCASA MG
ICICI,JC1097,01-01-1900 00:00:00,A,SO CASA - AUTO,SOCASA AT
ICICI,JC1099,01-01-1900 00:00:00,A,SO CASA - ETRG,SOCASA ERG
ICICI,JC1102,01-01-1900 00:00:00,A,SO CA - AUTO,SOCA AT
ICICI,JC1103,01-01-1900 00:00:00,A,SENIOR KEY ACCOUNTS MANAGER,SR_KEY_AM
ICICI,JC1104,01-01-1900 00:00:00,A,HEAD- PRODUCT SPECIALIST,HEAD-PS
ICICI,JC0829,01-01-1900 00:00:00,A,Area Branch Manager,ABM
ICICI,JC0830,01-01-1900 00:00:00,A,Assistant Credit Manager,ACM
ICICI,JC0939,01-01-1900 00:00:00,A,SENIOR COMPLIANCE MANAGER,SCM
ICICI,JC0945,01-01-1900 00:00:00,A,MORTGAGE EXPERT,MORTGAGE E
ICICI,JC0954,01-01-1900 00:00:00,A,CHIEF OPERATING OFFICER,COO
ICICI,JC0956,01-01-1900 00:00:00,A,HEAD IT,HEAD IT
ICICI,JC0994,01-01-1900 00:00:00,A,MANAGER - MARKETING,MRM
ICICI,JC0998,01-01-1900 00:00:00,A,SME ETRG,SME ETRG
ICICI,JC1007,01-01-1900 00:00:00,A,HEAD - GLOBAL CLIENTS GROUP,WH_GCG
ICICI,JC1011,01-01-1900 00:00:00,A,HEAD - PROJECT FINANCE GROUP,WH_PFG
ICICI,JC1016,01-01-1900 00:00:00,A,SENIOR CLIENT BANKER,WH_SCB
ICICI,JC1017,01-01-1900 00:00:00,A,CLIENT BANKER,WH_CB
ICICI,JC1030,01-01-1900 00:00:00,A,INSTA OD-SRM,INST ODSRM
ICICI,JC0820,01-01-1900 00:00:00,A,Regional Head – Treasury,RhTreasury
ICICI,JC1080,01-01-1900 00:00:00,A,Head_Learning & Development,Head-L&D
ICICI,JC1084,01-01-1900 00:00:00,A,Rates Trader,RT
ICICI,JC1095,01-01-1900 00:00:00,A,SO CASA - BLG,SOCASA BLG
ICICI,JC1105,01-01-1900 00:00:00,A,IFIG SYNERGY,IFIG SYN
ICICI,JC0833,01-01-1900 00:00:00,A,Head_CashMgmt & Paymt Services,Head_CM&PT
ICICI,JC0926,01-01-1900 00:00:00,A,BRANCH RELATIONSHIP OFFICER,BRANCH REL
ICICI,JC0942,01-01-1900 00:00:00,A,CHIEF ARCHITECT,CHIEF ARCH
ICICI,JC0957,01-01-1900 00:00:00,A,SENIOR DATA SCIENTIST,Sr DS
ICICI,JC0969,01-01-1900 00:00:00,A,REGIONAL PORTFOLIO MANAGER,RPM
ICICI,JC1001,01-01-1900 00:00:00,A,RMAM,RMAM
ICICI,JC0818,01-01-1900 00:00:00,A,Branch Operations Supervisor,BOS
ICICI,JC1019,01-01-1900 00:00:00,A,HEAD - PORTFOLIO MGMT GROUP,WH_PMG
ICICI,JC1026,01-01-1900 00:00:00,A,ZONAL HEAD - ASSET,ZH ASSET
ICICI,JC0828,01-01-1900 00:00:00,A,Head - NRI Products,HD_NRIPDTS
ICICI,JC1109,01-01-1900 00:00:00,A,POLICY HEAD- PERSONAL LOAN,PH_PL
ICICI,JC1112,01-01-1900 00:00:00,A,POLICY HEAD- CREDIT CARDS,PH_CC
ICICI,JC1113,01-01-1900 00:00:00,A,POLICY HEAD- CB & TWO WHEELER,PH_CB_TW
ICICI,JC1115,01-01-1900 00:00:00,A,POLICY HEAD- AUTO LOAN,PH_AT
ICICI,JC1116,01-01-1900 00:00:00,A,POLICY HEAD- RIBG RETAIL,PH_RIBG
ICICI,JC1117,01-01-1900 00:00:00,A,"POLICY HEAD- BLG, RIBG-EC",PH_BLG
ICICI,JC1118,01-01-1900 00:00:00,A,PRODUCT HEAD-IC & HINDSIGHTING,PH_ICGHS
ICICI,JC1120,01-01-1900 00:00:00,A,KEY RELATIONSHIP MANAGER,KRM
ICICI,JC1121,01-01-1900 00:00:00,A,PRODUCT HEAD - NON-HL MORTGAGE,PM_NHL_MO
ICICI,JC1122,01-01-1900 00:00:00,A,SME - BLG,SME - BLG
ICICI,JC0946,01-01-1900 00:00:00,A,HOME LOAN EXPERT,HL EXPERT
ICICI,JC0951,01-01-1900 00:00:00,A,SOFTWARE ENGINEER,SE
ICICI,JC0999,01-01-1900 00:00:00,A,INSTA OD-RM,BBG-BLG
ICICI,JC1008,01-01-1900 00:00:00,A,HEAD - LARGE CLIENTS GROUP,WH_LCG
ICICI,JC1010,01-01-1900 00:00:00,A,HEAD - SERVICES SECTOR GROUP,WH_SS
ICICI,JC1012,01-01-1900 00:00:00,A,HEAD - FIDSG & ADVISORY,WH_FIDSG&A
ICICI,JC1015,01-01-1900 00:00:00,A,HEAD - CAPITAL MKT & CUSTODY,WH_HCMD
ICICI,JC1025,01-01-1900 00:00:00,A,BRANCH RELATIONSHIP OFFICER-F,BRO_F
ICICI,JC1070,01-01-1900 00:00:00,A,CHANNEL MGR GROUPCOMPANIES,CHMGRR_GRP
ICICI,JC0831,01-01-1900 00:00:00,A,Senior Product Manager-Digital,SPMDIGITAL
ICICI,JC1124,01-01-1900 00:00:00,A,RELATIONSHIP MANAGER-GBG,RM_GBG
ICICI,JC1126,01-01-1900 00:00:00,A,REGIONAL HEAD SALES-TASC,RHS_TASC
ICICI,JC1131,01-01-1900 00:00:00,A,DAIRY OFFICER - AVCB,DO-AVCB
ICICI,JC1139,01-01-1900 00:00:00,A,PROCESS MANAGER – PAYOUTS,PH-PAYOUTS
ICICI,JC1141,01-01-1900 00:00:00,A,PROCESS MANAGER – COMPLIANCE,PM-COMPLNE
ICICI,JC1143,01-01-1900 00:00:00,A,PRODUCT HEAD – INCL BANKING,PH-IB
ICICI,JC1145,01-01-1900 00:00:00,A,STATE CREDIT HEAD,ST_CRH
ICICI,JC1147,01-01-1900 00:00:00,A,ZONAL INFRA & FACILITIES HEAD,ZONAL-I&F
ICICI,JC1158,01-01-1900 00:00:00,A,PRODUCT HEAD- HOME LOAN,PH - HL
ICICI,JC1166,01-01-1900 00:00:00,A,Junior Trader,MG_JT
ICICI,JC1198,01-01-1900 00:00:00,A,Cluster Manager - VRM,CM - VRM
ICICI,JC1207,01-01-1900 00:00:00,A,HEAD BUSINESS BANKING,HEADBB
ICICI,JC1218,01-01-1900 00:00:00,A,Tech Lead - Campaign Soln,TL
ICICI,JC1226,01-01-1900 00:00:00,A,Tech Lead - Liabilities & FIS,TLLF
ICICI,JC1264,01-01-1900 00:00:00,A,DEP HEAD-RET TRSY PRDTS & TECH,DP_TECHRet
ICICI,JC1267,01-01-1900 00:00:00,A,"Head - Syn, PMG, SFG & SSG","SS,SY,PMSF"
ICICI,JC1276,01-01-1900 00:00:00,A,BRO CESG,BRO_CESG
ICICI,JC1282,01-01-1900 00:00:00,A,RHS- RELATIONSHIP CESG,RHSRS_CESG
ICICI,JC1298,01-01-1900 00:00:00,A,STRUCTURED TRADE SALES MANAGER,STSM_TXB
ICICI,JC0864,01-01-1900 00:00:00,A,HEAD OF LEGAL - ICICI BANK UK,HDLGL-UK
ICICI,JC0881,01-01-1900 00:00:00,A,Head Compliance - Hong Kong,HK_HDComp
ICICI,JC1286,01-01-1900 00:00:00,A,KEY RELATIONSHIP MANAGER CESG,KRM_CESG
ICICI,JC0844,01-01-1900 00:00:00,A,HEAD-COMMERCIAL BANK-GRP-SGP,HD-COM BNK
ICICI,JC1153,01-01-1900 00:00:00,A,HEAD-CHANNEL MANAGEMENT,HEAD-CMT
ICICI,JC1155,01-01-1900 00:00:00,A,HEAD-HL AFFORDABLE HOUSING,PH-HLAH
ICICI,JC0876,01-01-1900 00:00:00,A,Manager Trade&Transaction Desk,MTT DESK
ICICI,JC1183,01-01-1900 00:00:00,A,Zonal Branch Process Manager,ZBPM
ICICI,JC1202,01-01-1900 00:00:00,A,Senior Economist - Domestic,TRG_SED
ICICI,JC1204,01-01-1900 00:00:00,A,HR Business Manager,HR-BM
ICICI,JC1205,01-01-1900 00:00:00,A,Head - Payments & Payroll,HEAD-PT&PL
ICICI,JC1206,01-01-1900 00:00:00,A,Head -Finance & Administration,HDFINADM
ICICI,JC1222,01-01-1900 00:00:00,A,Tech Lead - Corp & API soln,TLCA
ICICI,JC1228,01-01-1900 00:00:00,A,Tech Lead - Pymnt & Settlement,TLPS
ICICI,JC1230,01-01-1900 00:00:00,A,Tech Lead - RIB support,TLRIBS
ICICI,JC1238,01-01-1900 00:00:00,A,Tech Lead DB Administration,TLDBA
ICICI,JC1239,01-01-1900 00:00:00,A,Tech Lead IT Helpdesk,TLITH
ICICI,JC0884,01-01-1900 00:00:00,A,HEAD OF CORPRATE&COMMRCIAL BNK,HDC&CBNK
ICICI,JC1285,01-01-1900 00:00:00,A,KEY ACCOUNTS MANAGER CESG,KAM_CESG
ICICI,JC1287,01-01-1900 00:00:00,A,PRODUCT HEAD - CESG & ASG,PH_CESGASG
ICICI,JC1288,01-01-1900 00:00:00,A,INTERNAL OMBUDSMAN,IO
ICICI,JC0891,01-01-1900 00:00:00,A,"HEAD-OPS,FINANCE,IT&NORTH ASIA",HD-OPSFIN
ICICI,JC0845,01-01-1900 00:00:00,A,HEAD-RISK-NORTH ASIA,HD-RK-NTH
ICICI,JC1151,01-01-1900 00:00:00,A,ZH-BUSINESS BANKING SPECIALIST,ZH-BBS
ICICI,JC1152,01-01-1900 00:00:00,A,PRODUCT HEAD-NON HOME LOAN,PH-NHL
ICICI,JC0860,01-01-1900 00:00:00,A,CHIEF RISK OFFICER-ICICIBANKUK,CRO-ICICI
ICICI,JC0861,01-01-1900 00:00:00,A,"CFO,CS&HDOFTREASURY-ICICIBNKUK",CFOCSHD-TR
ICICI,JC1163,01-01-1900 00:00:00,A,DEPUTY HEAD SWAP MARKET MAKING,MG_SWAP
ICICI,JC1167,01-01-1900 00:00:00,A,INSTA-OD MANAGER,INSTOD MGR
ICICI,JC1221,01-01-1900 00:00:00,A,Tech Lead - Compliance & PMO,TLCP
ICICI,JC1227,01-01-1900 00:00:00,A,"Tech Lead - New CRM, DMS",TLCRM
ICICI,JC1259,01-01-1900 00:00:00,A,DEPUTY HEAD - DCM,DH_DCM
ICICI,JC1263,01-01-1900 00:00:00,A,HEAD - PMG,Head_PMG
ICICI,JC1269,01-01-1900 00:00:00,A,Head-Process Opti &Initiatives,Head_PKI
ICICI,JC1273,01-01-1900 00:00:00,A,RH- Jewel Loans & Rural Assets,RH-JL & RA
ICICI,JC0889,01-01-1900 00:00:00,A,COUNTRY HEAD-USA,CTRYHD-USA
ICICI,JC1291,01-01-1900 00:00:00,A,Safety & Security Compliance,SSCManager
ICICI,JC1296,01-01-1900 00:00:00,A,HEAD HR - ICICI VENTURES,HR-IVEN
ICICI,JC0894,01-01-1900 00:00:00,A,SeniorClientEngagmentAssociate,SCEA_CAN
ICICI,JC0857,01-01-1900 00:00:00,A,Digital Solution Manager,DGSOLMGR
ICICI,JC0858,01-01-1900 00:00:00,A,Fixed Income Dealer,FID
ICICI,JC0868,01-01-1900 00:00:00,A,Program Lead,PrgramLead
ICICI,JC0878,01-01-1900 00:00:00,A,Head - Risk -Bahrain,HDRISKBHR
ICICI,JC1212,01-01-1900 00:00:00,A,Tech Head DC & Branch Network,THDCBN
ICICI,JC1213,01-01-1900 00:00:00,A,Tech Head IT Infra Compliance,THIC
ICICI,JC1216,01-01-1900 00:00:00,A,Tech Lead - Block chain,TLBL
ICICI,JC1219,01-01-1900 00:00:00,A,"Tech Lead - CB , Direct Bkng",TLDB
ICICI,JC1229,01-01-1900 00:00:00,A,Tech Lead - Pymt Support,TLPS
ICICI,JC1234,01-01-1900 00:00:00,A,Tech Lead - Trade Solution,TLTS
ICICI,JC1245,01-01-1900 00:00:00,A,"Head - GCG, MNC, PSU & Adv","GCG,MNC,PS"
ICICI,JC1271,01-01-1900 00:00:00,A,Relationship Manager - Trade,RM-Trade
ICICI,JC0882,01-01-1900 00:00:00,A,HEAD - FINANCE,HDFINANCE
ICICI,JC1284,01-01-1900 00:00:00,A,SOLUTION MANAGER CESG,SM_CESG
ICICI,JC0890,01-01-1900 00:00:00,A,RH-Remittance and NRI Alliance,RH-REMTNRI
ICICI,JC0856,01-01-1900 00:00:00,A,Corporate Relationship Manager,CRPRELMGR
ICICI,JC1160,01-01-1900 00:00:00,A,RHS-SES - WEALTH,RHSSESWLTH
ICICI,JC0862,01-01-1900 00:00:00,A,HD CORP&COMM BNK-ICICIBANKKUK,HDCORP&COM
ICICI,JC0865,01-01-1900 00:00:00,A,HEAD TREASURY- ICICI BANK UK,HDTRSRY-UK
ICICI,JC1162,01-01-1900 00:00:00,A,DEPUTY HEAD FX MARKET MAKING,MG_FX
ICICI,JC0873,01-01-1900 00:00:00,A,HEAD-BHR PHONE BNKG &WEST ZONE,HDBHR-PHBK
ICICI,JC0879,01-01-1900 00:00:00,A,Financial Service Officer,FSO
ICICI,JC1197,01-01-1900 00:00:00,A,Unit Manager - VRM,UM - VRM
ICICI,JC1210,01-01-1900 00:00:00,A,Tech Head - TMG,THTMG
ICICI,JC1217,01-01-1900 00:00:00,A,Tech Lead - Business Bkg & SCM,TLBS
ICICI,JC1223,01-01-1900 00:00:00,A,Tech Lead - Corp & Mid office,TLCM
ICICI,JC1236,01-01-1900 00:00:00,A,Tech Lead - Treasury Back Ofc,TLTB
ICICI,JC1241,01-01-1900 00:00:00,A,Tech Lead Storage & DC Admin,TLDC
ICICI,JC1253,01-01-1900 00:00:00,A,HEAD - PTG (RATES & FX),Head_PTGFX
ICICI,JC1254,01-01-1900 00:00:00,A,Senior Fund Manager - Equity,PTG_SFMEqu
ICICI,JC1255,01-01-1900 00:00:00,A,DEPUTY HEAD-FX FLOWS&TRSY COMP,DH_FXFLOWS
ICICI,JC1258,01-01-1900 00:00:00,A,ZH - MARKETS - SME & ETRG,MG_ZHSME
ICICI,JC1265,01-01-1900 00:00:00,A,HEAD - GLBL INVESTOR SALES,Head_INVSL
ICICI,JC0850,01-01-1900 00:00:00,A,HEAD-CORPORATE BANKING-HK,HD-CORPBNK
ICICI,JC1164,01-01-1900 00:00:00,A,DEPUTY HEAD FXO MARKET MAKING,MG_FXO
ICICI,JC0875,01-01-1900 00:00:00,A,Financial Investment Advisor,FID
ICICI,JC1185,01-01-1900 00:00:00,A,RH - Designate,RH-D
ICICI,JC1189,01-01-1900 00:00:00,A,PROD MGR-DIGITAL TRANSFORMTION,PROD-DGTL
ICICI,JC1190,01-01-1900 00:00:00,A,MONITORING MANAGER,MM
ICICI,JC1220,01-01-1900 00:00:00,A,Tech Lead - CB International,TLCB
ICICI,JC1237,01-01-1900 00:00:00,A,Tech Lead - Treasury Front Ofc,TLTF
ICICI,JC1278,01-01-1900 00:00:00,A,REGIONAL HEAD CESG,RH_CESG
ICICI,JC0888,01-01-1900 00:00:00,A,HEAD-HUMAN RESOURCES-DESIGNATE,HD-HR-DESG
ICICI,JC0855,01-01-1900 00:00:00,A,Head E commerce Ecosystem,H-EComEcoS
ICICI,JC1182,01-01-1900 00:00:00,A,HEAD - STRUCTURED TRADE SALES,HEAD - STS
ICICI,JC1187,01-01-1900 00:00:00,A,HEAD-TECHNOLOGY FINANCE GROUP,HEAD-TFG
ICICI,JC1199,01-01-1900 00:00:00,A,ZH Family Off&Key Relationship,ZH_KEYRLP
ICICI,JC0887,01-01-1900 00:00:00,A,Regional Head - Risk,RH-RISK
ICICI,JC0863,01-01-1900 00:00:00,A,HEAD OF RETAIL BNKNG-ICICIBKUK,HDRTLBNK
ICICI,JC0871,01-01-1900 00:00:00,A,"Product Head-NRI,RMT&INTRTLPRD",PRDHD-NRI
ICICI,JC1171,01-01-1900 00:00:00,A,PRODUCT HEAD - LAS,PH-LAS
ICICI,JC0872,01-01-1900 00:00:00,A,HEAD-BHR REWARDS & TALENT MGMT,HDBHRRWTLN
ICICI,JC1250,01-01-1900 00:00:00,A,HEAD TREASURY SALES-SME & ETRG,MG_SMESale
ICICI,JC1257,01-01-1900 00:00:00,A,ZONAL HEAD - CORPORATE MARKETS,MG_ZHCMG
ICICI,JC1270,01-01-1900 00:00:00,A,HEAD - SALES & ORIGINATION,Head_SaOri
ICICI,JC1272,01-01-1900 00:00:00,A,RH- Jewel Loans,RH - JL
ICICI,JC1274,01-01-1900 00:00:00,A,Zonal Head-ETRG & Wealth Mgmt,ZH-EWM
ICICI,JC1277,01-01-1900 00:00:00,A,PRIORITY BANKER CESG,PB_CESG
ICICI,JC1283,01-01-1900 00:00:00,A,SALES OFFICER CESG,SO_CESG
ICICI,JC1289,01-01-1900 00:00:00,A,EQUITY ADVISOR,EQU_ADV
ICICI,JC1157,01-01-1900 00:00:00,A,REGIONAL CHANNEL MANAGER,RCM MORTG
ICICI,JC1161,01-01-1900 00:00:00,A,SO CA - ETRG,SO CA ETRG
ICICI,JC1186,01-01-1900 00:00:00,A,Head- Branch Process,HBP
ICICI,JC1196,01-01-1900 00:00:00,A,Virtual Relationship Manager,VRM
ICICI,JC1208,01-01-1900 00:00:00,A,Tech Head - Corp Centre,THCC
ICICI,JC1214,01-01-1900 00:00:00,A,Tech Lead - Agri Solution,TLAS
ICICI,JC1231,01-01-1900 00:00:00,A,Tech Lead - SAP & Finance,TLSAP
ICICI,JC1233,01-01-1900 00:00:00,A,Tech Lead - Security Markets,TLSM
ICICI,JC1242,01-01-1900 00:00:00,A,Tech Lead System Admin,TLSA
ICICI,JC1243,01-01-1900 00:00:00,A,Regional Head - Forex & NRI,RH_FN
ICICI,JC1246,01-01-1900 00:00:00,A,Head - Mid Corporate Group,Head_MCG
ICICI,JC1256,01-01-1900 00:00:00,A,SECTOR HEAD - SERVICES,SH - Serv
ICICI,JC1261,01-01-1900 00:00:00,A,HEAD - SYNDICATION,Head_SYN
ICICI,JC1266,01-01-1900 00:00:00,A,Head - Bullion Desk,Head_GML
ICICI,JC0883,01-01-1900 00:00:00,A,Head-Retail & NRI Services-SA,HDRTNRISSA
ICICI,JC1279,01-01-1900 00:00:00,A,REGIONAL HEAD SALES CESG,RHS_CESG
ICICI,JC1293,01-01-1900 00:00:00,A,Automation & Digitalization,A&D
ICICI,JC1295,01-01-1900 00:00:00,A,REGIONAL HEAD - TASC & GBG,RH_TGBG
ICICI,JC0849,01-01-1900 00:00:00,A,HEAD-COMPLIANCE-HONG KONG,HD-COMPHKG
ICICI,JC0851,01-01-1900 00:00:00,A,HEAD-COMPLIANCE-SHANGHAI,HD-COMP-SH
ICICI,JC0859,01-01-1900 00:00:00,A,HEAD OF COMPLIANCE-ICICIBANKUK,H-COMPL-UK
ICICI,JC0866,01-01-1900 00:00:00,A,HEADOFINTERNAL AUDIT-ICICIBKUK,HDINTAUDUK
ICICI,JC0869,01-01-1900 00:00:00,A,TEAM LEAD - OPERATIONS,TL-OPS
ICICI,JC0870,01-01-1900 00:00:00,A,TEAM LEAD - FINANCE,TL-FINANCE
ICICI,JC1184,01-01-1900 00:00:00,A,Branch Process Manager,BPM
ICICI,JC1201,01-01-1900 00:00:00,A,Senior Economist - Global,TRG_SEG
ICICI,JC1249,01-01-1900 00:00:00,A,"HEAD-MM,TRSY PRDCTS&TECH INI",Head_MMTEC
ICICI,JC1262,01-01-1900 00:00:00,A,DEPUTY HEAD - INTL MARKETS,DH_INTMKTS
ICICI,JC1268,01-01-1900 00:00:00,A,"Head - LCG, CMTG & FSG","H_LC,CM,FS"
ICICI,JC1297,01-01-1900 00:00:00,A,HEAD HR DESIGNATE - I VENTURES,HR-IVEN-D
ICICI,JC0895,01-01-1900 00:00:00,A,CHIEF EXECUTIVE-HK BRANCH,CEHKBRANCH
ICICI,JC0846,01-01-1900 00:00:00,A,TEAM LEAD-OPERATIONS-SINGAPORE,TL-OPS-SGP
ICICI,JC0847,01-01-1900 00:00:00,A,HEAD-RETAIL BANKING GRP-SGP,HD-RTLBNKG
ICICI,JC0853,01-01-1900 00:00:00,A,Ascend Trainee,AscendTrne
ICICI,JC1178,01-01-1900 00:00:00,A,INVESTMENT ADVISOR,IA
ICICI,JC1179,01-01-1900 00:00:00,A,HEAD-INVESTMENT ADVISOR,HIA
ICICI,JC1180,01-01-1900 00:00:00,A,HEAD - EQUITIES,HEQ
ICICI,JC1188,01-01-1900 00:00:00,A,HEAD-WEALTH SELECT& ZH-PVT BKG,HEAD-PVT
ICICI,JC0885,01-01-1900 00:00:00,A,SCB - GCG & Head - Syndication,SCBGCGHDSN
ICICI,JC0892,01-01-1900 00:00:00,A,"HEAD, HR-ICICI BANK CANADA",HDHRCANADA
ICICI,JC0893,01-01-1900 00:00:00,A,HEAD-MORTGAGE & PRODUCTS,HD-MRTPRDT
ICICI,JC1159,01-01-1900 00:00:00,A,HEAD E COMMERCE ECOSYSTEM,HEAD-ECE
ICICI,JC1165,01-01-1900 00:00:00,A,FUND MANAGER,MG_FM
ICICI,JC1169,01-01-1900 00:00:00,A,PRODUCT HEAD - DEMAT SERVICES,PH-DS
ICICI,JC1173,01-01-1900 00:00:00,A,TOWER MANAGER,IMSG_TM
ICICI,JC1181,01-01-1900 00:00:00,A,HEAD SALES - PB ERM CHANNEL,HEAD SALES
ICICI,JC1195,01-01-1900 00:00:00,A,Regional Head - Farmer Segment,RH-FS
ICICI,JC1209,01-01-1900 00:00:00,A,Tech Head - Mobility Platforms,THMP
ICICI,JC1211,01-01-1900 00:00:00,A,Tech Head - Touch point & CC,THTPCC
ICICI,JC1215,01-01-1900 00:00:00,A,Tech Lead - AI & RPA,TLIA
ICICI,JC0698,01-01-1901 00:00:00,A,SALES MANAGER BC,SAL MGR BC
ICICI,JC1244,01-01-1900 00:00:00,A,"GH-GblMkts-Sales,Trd,Research",GHMSTRSY
ICICI,JC1247,01-01-1900 00:00:00,A,GROUP HEAD - SSG,GH_SSG
ICICI,JC1251,01-01-1900 00:00:00,A,HEAD - PTG (EQUITY) & FX FLOWS,HEAD_PTGEq
ICICI,JC1252,01-01-1900 00:00:00,A,HEAD-INT MRKTS&GLBL INVESTOR,Head_INTMk
ICICI,JC1260,01-01-1900 00:00:00,A,HEAD - SFG & ADV,Head_SFGAD
ICICI,JC1294,01-01-1900 00:00:00,A,REGIONAL HEAD SALES - ERM,RHS_ERM
ICICI,JC0848,01-01-1900 00:00:00,A,TEAM LEAD-IT-SINGAPORE,TL-IT-SGP
ICICI,JC1156,01-01-1900 00:00:00,A,ASCEND TRAINEE,AT
ICICI,JC1175,01-01-1900 00:00:00,A,TOWER MANAGER & IFM,IMSGTM IFM
ICICI,JC1177,01-01-1900 00:00:00,A,ZONAL PREMISE COORDINATOR,IMSG_ZPCC
ICICI,JC1192,01-01-1900 00:00:00,A,SERVICE RELATIONSHIP MANAGER,SERV_MGR
ICICI,JC1193,01-01-1900 00:00:00,A,DMI- SALES INTERN,DMI-INTERN
ICICI,JC1200,01-01-1900 00:00:00,A,Research Analyst,TRG_RA
ICICI,JC1203,01-01-1900 00:00:00,A,Senior Economist,TRG_SE
ICICI,JC0880,01-01-1900 00:00:00,A,Exchange Control Officer,ECO
ICICI,JC0886,01-01-1900 00:00:00,A,Head - PMG & SFG,HDPMGSFG
ICICI,JC1280,01-01-1900 00:00:00,A,RELATIONSHIP MANAGER CESG,RM_CESG
ICICI,JC1154,01-01-1900 00:00:00,A,HEAD-PROCESS AUTOMATION,HEAD-PAT
ICICI,JC0852,01-01-1900 00:00:00,A,Head-Mid Markets Group,HD-MIDMKT
ICICI,JC0854,01-01-1900 00:00:00,A,Head Technology Management Grp,HD-TMG
ICICI,JC0867,01-01-1900 00:00:00,A,SENIOR MANAGER - RISK,SRMGR-RISK
ICICI,JC0874,01-01-1900 00:00:00,A,HEAD OF OPERATIONS,HEAD-OPS
ICICI,JC0877,01-01-1900 00:00:00,A,"SR MGR-IT,Infra,Facilities&OHS",SM-ITINFRA
ICICI,JC1191,01-01-1900 00:00:00,A,REGIONAL MONITORING MANAGER,RMM-DD
ICICI,JC1224,01-01-1900 00:00:00,A,Tech Lead - Credit & Surround,TLCS
ICICI,JC1225,01-01-1900 00:00:00,A,Tech Lead - IT Governance,TLIG
ICICI,JC1232,01-01-1900 00:00:00,A,Tech Lead - SDG,TLSDG
ICICI,JC1235,01-01-1900 00:00:00,A,Tech Lead - Treasury & Murex,TLTM
ICICI,JC1240,01-01-1900 00:00:00,A,"Tech Lead SAS, C-360, DWH-AML",TLDWH
ICICI,JC1248,01-01-1900 00:00:00,A,HEAD - FINANCIAL SPONSORS,Head_FSG
ICICI,JC1275,01-01-1900 00:00:00,A,Product Lead-Debit Cards,PL_DBCARD
ICICI,JC1281,01-01-1900 00:00:00,A,RELATIONSHIP MANAGER- HV CESG,RMHV_CESG
ICICI,JC1290,01-01-1900 00:00:00,A,ELITE RELATIONSHIP MANAGER,EL_RM
ICICI,JC1292,01-01-1900 00:00:00,A,Central Infra & 360 Banking,CI360Bank
ICICI,JC0271,01-01-1900 00:00:00,A,TAX & CS MANAGER,TAX & CS M
ICICI,JC0272,01-01-1900 00:00:00,A,TAX OFFICER,TAX OFFICE
ICICI,JC0273,01-01-1900 00:00:00,A,TEAM COACH,TEAM COACH
ICICI,JC0274,01-01-1900 00:00:00,A,TEAM LEAD,TEAM LEAD
ICICI,JC0275,01-01-1900 00:00:00,A,TEAM MANAGER,TEAM MANAG
ICICI,JC0276,01-01-1900 00:00:00,A,TECHNICAL MANAGER,TECHNICAL
ICICI,JC0277,01-01-1900 00:00:00,A,TECHNICAL OFFICER,TECHNICAL
ICICI,JC0278,01-01-1900 00:00:00,A,TECHNOLOGY ADMINISTRATOR,TECHNOLOGY
ICICI,JC0279,01-01-1900 00:00:00,A,TECHNOLOGY CONSULTANT,TECHNOLOGY
ICICI,JC0280,01-01-1900 00:00:00,A,TECHNOLOGY CO-ORDINATOR,TECHNOLOGY
ICICI,JC0281,01-01-1900 00:00:00,A,TECHNOLOGY MANAGER,TECHNOLOGY
ICICI,CAT001,01-01-1900 00:00:00,A,Agri SME Product Executive,Agri SME P
ICICI,CAT002,01-01-1900 00:00:00,A,HouseHold NCA Executive,HouseHold
ICICI,JC0243,01-01-1900 00:00:00,A,SALES MANAGER,SALES MNGR
ICICI,JC0244,01-01-1900 00:00:00,A,SALES MANAGER ASSETS,SALES MANA
ICICI,JC0245,01-01-1900 00:00:00,A,SALES MANAGER LIABILITIES,SALES MANA
ICICI,JC0247,01-01-1900 00:00:00,A,SALES PROMOTION MANAGER,SALES PROM
ICICI,JC0248,01-01-1900 00:00:00,A,SECRETARIAL HEAD,SECRETARIA
ICICI,JC0249,01-01-1900 00:00:00,A,SECRETARY,SECRETARY
ICICI,JC0250,01-01-1900 00:00:00,A,SECRETERIAL MANAGER,SECRETERIA
ICICI,JC0251,01-01-1900 00:00:00,A,SECTOR HEAD,SECTOR HEA
ICICI,JC0252,01-01-1900 00:00:00,A,SENIOR DEALER,SENIOR DEA
ICICI,JC0253,01-01-1900 00:00:00,A,SENIOR KEY WEALTH MANAGER,SENIOR KEY
ICICI,JC0254,01-01-1900 00:00:00,A,SENIOR MANAGER,SENIOR MAN
ICICI,JC0255,01-01-1900 00:00:00,A,SENIOR REGIONAL CREDIT MANAGER,SENIOR REG
ICICI,JC0256,01-01-1900 00:00:00,A,SENIOR RELATIONSHIP MANAGER,SENIOR REL
ICICI,JC0257,01-01-1900 00:00:00,A,SENIOR SECRETARY,SENIOR SEC
ICICI,JC0258,01-01-1900 00:00:00,A,SENIOR SOLUTION MANAGER,SENIOR SOL
ICICI,JC0259,01-01-1900 00:00:00,A,SENIOR TECHNICAL OFFICER,SENIOR TEC
ICICI,JC0260,01-01-1900 00:00:00,A,SENIOR WEALTH MANAGER,SENIOR WEA
ICICI,JC0261,01-01-1900 00:00:00,A,SERVICE QTY & PROD HEAD,SERVICE QT
ICICI,JC0262,01-01-1900 00:00:00,A,SERVICE STAFF,SERVICE ST
ICICI,CAT003,01-01-1900 00:00:00,A,NRI Product Executive,NRI Produc
ICICI,CAT004,01-01-1900 00:00:00,A,Inv & Ser Product Executive,Inv & Ser
ICICI,CAT005,01-01-1900 00:00:00,A,Pvt Banking Sales Executive,Pvt Bankin
ICICI,CAT006,01-01-1900 00:00:00,A,Busi Correspondence Executive,Busi Corre
ICICI,CAT007,01-01-1900 00:00:00,A,Salary Accounts Executive,Salary Acc
ICICI,CAT008,01-01-1900 00:00:00,A,SEG Products Executive,SEG Produc
ICICI,CAT009,01-01-1900 00:00:00,A,TASC Product Executive,TASC Produ
ICICI,CAT010,01-01-1900 00:00:00,A,Account Opening Executive,Account Op
ICICI,CAT011,01-01-1900 00:00:00,A,Retail Liabilities Sales Exec,Retail Lia
ICICI,CAT012,01-01-1900 00:00:00,A,HouseHold ERV Executive,HouseHold
ICICI,CAT013,01-01-1900 00:00:00,A,HouseHold LDC Executive,HouseHold
ICICI,JC0001,01-01-1900 00:00:00,A,ACCOUNT RELATIONSHIP MANAGER,ACCOUNT RE
ICICI,JC0002,01-01-1900 00:00:00,A,ACCOUNTS MANAGER,ACCOUNTS M
ICICI,JC0003,01-01-1900 00:00:00,A,ACCOUNTS OFFICER,ACCOUNTS O
ICICI,JC0004,01-01-1900 00:00:00,A,ADMIN MANAGER,ADMIN MANA
ICICI,JC0005,01-01-1900 00:00:00,A,ADMINISTRATION OFFICER,ADMINISTRA
ICICI,JC0006,01-01-1900 00:00:00,A,ADMINISTRATIVE ASSISTANT,ADMINISTRA
ICICI,JC0007,01-01-1900 00:00:00,A,AGENCY MANAGER,AGENCY MAN
ICICI,JC0072,01-01-1900 00:00:00,A,COMMODITY MANAGER,COMMODITY
ICICI,JC0073,01-01-1900 00:00:00,A,COMMUNICATIONS MANAGER,COMMUNICAT
ICICI,JC0074,01-01-1900 00:00:00,A,COMPANY SECRETARY,COMPANY SE
ICICI,JC0075,01-01-1900 00:00:00,A,COMPLIANCE & AUDIT MANAGER,COMPLIANCE
ICICI,JC0076,01-01-1900 00:00:00,A,COMPLIANCE MANAGER,COMPLIANCE
ICICI,JC0077,01-01-1900 00:00:00,A,COMPLIANCE OFFICER,COMPLIANCE
ICICI,JC0078,01-01-1900 00:00:00,A,COMPLIANCE TEAM LEAD,COMPLIANCE
ICICI,JC0079,01-01-1900 00:00:00,A,CONTROLS MANAGER,CONTROLS M
ICICI,JC0080,01-01-1900 00:00:00,A,COORDINATOR SELF AUDIT,COORDINATO
ICICI,JC0081,01-01-1900 00:00:00,A,COST CONTROL MANAGER,COST CONTR
ICICI,JC0082,01-01-1900 00:00:00,A,COSTING MANAGER,COSTING MA
ICICI,JC0083,01-01-1900 00:00:00,A,CREDIT ADMIN MANAGER,CREDIT ADM
ICICI,JC0084,01-01-1900 00:00:00,A,CREDIT ADMINISTRATOR,CREDIT ADM
ICICI,JC0085,01-01-1900 00:00:00,A,CREDIT ANALYST,CREDIT ANA
ICICI,JC0086,01-01-1900 00:00:00,A,CREDIT ANALYST AND DEALER,CREDIT ANA
ICICI,JC0087,01-01-1900 00:00:00,A,CREDIT HEAD,CREDIT HEA
ICICI,JC0432,01-01-1900 00:00:00,A,COPS DEALER FUNDING,COP DEALER
ICICI,JC0436,01-01-1900 00:00:00,A,COPS OD & CRF,COPS ODCRF
ICICI,JC0437,01-01-1900 00:00:00,A,COPS PROJECT,COPS PROJT
ICICI,JC0438,01-01-1900 00:00:00,A,COPS REPAYMENTS,COPS REPMT
ICICI,JC0439,01-01-1900 00:00:00,A,CAM CC & MA,CAM CC MA
ICICI,JC0440,01-01-1900 00:00:00,A,CAM-BANKING,CAMBANKING
ICICI,JC0441,01-01-1900 00:00:00,A,CAM-CUSTOMER SERVICE,CAM CUSTSR
ICICI,JC0442,01-01-1900 00:00:00,A,CAM-DISBURSEMENT,CAM DISB
ICICI,JC0443,01-01-1900 00:00:00,A,FCC ACCOUNTS,FCC AC
ICICI,JC0445,01-01-1900 00:00:00,A,FCC BANK RECO,FCC RECO
ICICI,JC0446,01-01-1900 00:00:00,A,FCC INTERNAL CONTROL,FCC IC
ICICI,JC0448,01-01-1900 00:00:00,A,FCC SECURITISATION,FCC SEC
ICICI,JC0449,01-01-1900 00:00:00,A,IPDCF BANKING,IPDCF BANK
ICICI,JC0450,01-01-1900 00:00:00,A,IPDCF NEW INSTRUMENT ACQ,IPDCF INST
ICICI,JC0452,01-01-1900 00:00:00,A,IPDCF SERVICING,IPDCF SER
ICICI,JC0453,01-01-1900 00:00:00,A,NATIONAL BRANCH HEAD-DGM,NATIONALBH
ICICI,JC0455,01-01-1900 00:00:00,A,ROPS BANKING,ROPS BANK
ICICI,JC0456,01-01-1900 00:00:00,A,ROPS CUSTOMER SERVICE,ROPS CUST
ICICI,JC0457,01-01-1900 00:00:00,A,ROPS DISBURSEMENT,ROPS DISB
ICICI,JC0458,01-01-1900 00:00:00,A,ROPS QUALITY TEAM,ROPS QULTY
ICICI,JC0459,01-01-1900 00:00:00,A,ROPS REBOOKING,ROPS REBOK
ICICI,JC0178,01-01-1900 00:00:00,A,OFFICER PROTOCOL,OFFICER PR
ICICI,JC0179,01-01-1900 00:00:00,A,OFFICER QUALITY,OFFICER QU
ICICI,JC0180,01-01-1900 00:00:00,A,OFFICER SERVICES,OFFICER SE
ICICI,JC0181,01-01-1900 00:00:00,A,OPERATION INCHARGE,OPERATION
ICICI,JC0182,01-01-1900 00:00:00,A,OPERATIONAL RISK ANALYST,OPERATIONA
ICICI,JC0183,01-01-1900 00:00:00,A,OPERATIONAL RISK MANAGER,OPERATIONA
ICICI,JC0184,01-01-1900 00:00:00,A,OPERATIONS INCHARGE,OPERATIONS
ICICI,JC0185,01-01-1900 00:00:00,A,OPERATIONS MANAGER,OPERATIONS
